bot_name,bot_id,chart,player_count,game_phase,expert_phase,future_biddable_resources,total_biddable_resources,decision_count,pass_count,selected_value_count,selected_value_sum,eventual_final_money_sum,eventual_normalized_finish_sum,outright_win_decision_count,tied_first_decision_count,decisions_from_faulted_game_seat
aggressive-v1,aggressive-v1,A,3,early,early,10,15,61,11,50,283,3253,21.5,3,3,0
aggressive-v1,aggressive-v1,A,3,early,early,11,15,93,6,87,469,5025,27.5,6,1,0
aggressive-v1,aggressive-v1,A,3,early,early,12,15,116,6,110,599,6450,35.0,9,2,0
aggressive-v1,aggressive-v1,A,3,early,early,13,15,154,2,152,980,8969,61.5,26,4,0
aggressive-v1,aggressive-v1,A,3,early,early,14,15,99,3,96,520,5512,28.0,10,0,0
aggressive-v1,aggressive-v1,A,3,early,early,15,15,60,9,51,400,3379,18.5,6,0,0
aggressive-v1,aggressive-v1,A,3,early,middle,7,15,4,3,1,2,207,1.5,0,0,0
aggressive-v1,aggressive-v1,A,3,early,middle,8,15,10,5,5,29,461,2.5,0,0,0
aggressive-v1,aggressive-v1,A,3,early,middle,9,15,25,5,20,94,1448,11.5,1,5,0
aggressive-v1,aggressive-v1,A,3,late,late,0,15,82,55,27,101,4575,28.0,8,2,0
aggressive-v1,aggressive-v1,A,3,late,late,1,15,92,60,32,103,5316,29.0,7,1,0
aggressive-v1,aggressive-v1,A,3,late,late,2,15,56,42,14,47,3105,19.0,6,1,0
aggressive-v1,aggressive-v1,A,3,late,late,3,15,61,40,21,87,3621,29.0,12,1,0
aggressive-v1,aggressive-v1,A,3,late,late,4,15,40,23,17,89,2304,15.0,8,0,0
aggressive-v1,aggressive-v1,A,3,late,middle,5,15,14,8,6,15,847,8.0,3,0,0
aggressive-v1,aggressive-v1,A,3,late,middle,6,15,14,8,6,33,873,5.5,2,0,0
aggressive-v1,aggressive-v1,A,3,late,middle,7,15,6,2,4,27,305,2.0,0,0,0
aggressive-v1,aggressive-v1,A,3,late,middle,8,15,3,1,2,3,282,3.0,3,0,0
aggressive-v1,aggressive-v1,A,3,middle,early,10,15,60,11,49,169,3462,22.5,7,0,0
aggressive-v1,aggressive-v1,A,3,middle,early,11,15,35,4,31,104,2124,12.0,6,0,0
aggressive-v1,aggressive-v1,A,3,middle,early,12,15,13,1,12,13,829,7.0,4,0,0
aggressive-v1,aggressive-v1,A,3,middle,early,13,15,5,0,5,15,325,2.5,0,0,0
aggressive-v1,aggressive-v1,A,3,middle,late,0,15,7,7,0,0,364,2.5,0,0,0
aggressive-v1,aggressive-v1,A,3,middle,late,1,15,12,9,3,13,596,3.5,1,0,0
aggressive-v1,aggressive-v1,A,3,middle,late,2,15,26,15,11,21,1317,5.5,0,0,0
aggressive-v1,aggressive-v1,A,3,middle,late,3,15,44,35,9,24,2409,15.5,2,4,0
aggressive-v1,aggressive-v1,A,3,middle,late,4,15,63,37,26,78,3321,20.0,2,3,0
aggressive-v1,aggressive-v1,A,3,middle,middle,5,15,56,32,24,156,3221,20.5,5,1,0
aggressive-v1,aggressive-v1,A,3,middle,middle,6,15,83,38,45,198,4515,29.0,8,5,0
aggressive-v1,aggressive-v1,A,3,middle,middle,7,15,104,34,70,286,5837,34.5,10,1,0
aggressive-v1,aggressive-v1,A,3,middle,middle,8,15,88,24,64,335,4809,30.0,8,1,0
aggressive-v1,aggressive-v1,A,3,middle,middle,9,15,96,14,82,266,5721,34.0,13,2,0
aggressive-v1,aggressive-v1,A,4,early,early,10,14,86,10,76,392,3633,27.6666666666666645,5,0,0
aggressive-v1,aggressive-v1,A,4,early,early,11,14,159,4,155,928,6940,51.9999999999999960,8,2,0
aggressive-v1,aggressive-v1,A,4,early,early,12,14,143,1,142,908,6031,48.6666666666666622,4,1,0
aggressive-v1,aggressive-v1,A,4,early,early,13,14,184,6,178,898,7919,56.6666666666666627,11,1,0
aggressive-v1,aggressive-v1,A,4,early,early,14,14,83,20,63,542,3631,27.6666666666666647,8,0,0
aggressive-v1,aggressive-v1,A,4,early,middle,5,14,2,1,1,8,86,0.6666666666666666,0,0,0
aggressive-v1,aggressive-v1,A,4,early,middle,6,14,3,1,2,12,114,0.6666666666666666,0,0,0
aggressive-v1,aggressive-v1,A,4,early,middle,7,14,14,4,10,49,634,4.9999999999999995,0,0,0
aggressive-v1,aggressive-v1,A,4,early,middle,8,14,32,10,22,114,1389,11.3333333333333323,0,1,0
aggressive-v1,aggressive-v1,A,4,early,middle,9,14,76,12,64,362,3217,27.9999999999999982,6,2,0
aggressive-v1,aggressive-v1,A,4,late,late,0,14,100,75,25,65,4320,33.9999999999999972,5,1,0
aggressive-v1,aggressive-v1,A,4,late,late,1,14,87,71,16,29,3906,31.9999999999999974,5,1,0
aggressive-v1,aggressive-v1,A,4,late,late,2,14,78,54,24,72,3303,26.9999999999999980,2,4,0
aggressive-v1,aggressive-v1,A,4,late,late,3,14,51,34,17,71,2205,16.9999999999999986,3,0,0
aggressive-v1,aggressive-v1,A,4,late,late,4,14,35,20,15,54,1643,15.6666666666666656,4,0,0
aggressive-v1,aggressive-v1,A,4,late,middle,5,14,9,7,2,2,388,3.6666666666666664,1,0,0
aggressive-v1,aggressive-v1,A,4,late,middle,6,14,2,1,1,2,117,1.3333333333333333,1,0,0
aggressive-v1,aggressive-v1,A,4,middle,early,10,14,36,7,29,77,1591,12.9999999999999990,3,0,0
aggressive-v1,aggressive-v1,A,4,middle,early,11,14,18,4,14,50,812,6.9999999999999995,2,0,0
aggressive-v1,aggressive-v1,A,4,middle,early,12,14,11,2,9,17,487,4.9999999999999996,1,0,0
aggressive-v1,aggressive-v1,A,4,middle,early,13,14,2,0,2,0,115,1.0,1,0,0
aggressive-v1,aggressive-v1,A,4,middle,late,0,14,17,11,6,15,705,5.3333333333333329,1,0,0
aggressive-v1,aggressive-v1,A,4,middle,late,1,14,36,25,11,36,1568,12.3333333333333322,1,0,0
aggressive-v1,aggressive-v1,A,4,middle,late,2,14,48,37,11,33,1984,12.3333333333333323,1,1,0
aggressive-v1,aggressive-v1,A,4,middle,late,3,14,69,41,28,114,2777,20.3333333333333316,2,1,0
aggressive-v1,aggressive-v1,A,4,middle,late,4,14,90,54,36,113,3818,28.3333333333333308,2,0,0
aggressive-v1,aggressive-v1,A,4,middle,middle,5,14,121,65,56,197,5089,39.3333333333333300,4,2,0
aggressive-v1,aggressive-v1,A,4,middle,middle,6,14,129,62,67,299,5687,46.9999999999999964,8,2,0
aggressive-v1,aggressive-v1,A,4,middle,middle,7,14,113,44,69,240,4856,38.6666666666666636,7,0,0
aggressive-v1,aggressive-v1,A,4,middle,middle,8,14,86,30,56,222,3743,32.3333333333333307,4,2,0
aggressive-v1,aggressive-v1,A,4,middle,middle,9,14,92,23,69,247,4032,34.6666666666666643,10,0,0
aggressive-v1,aggressive-v1,A,5,early,early,10,15,86,19,67,303,3070,39.00,5,3,0
aggressive-v1,aggressive-v1,A,5,early,early,11,15,123,19,104,397,4234,50.00,9,4,0
aggressive-v1,aggressive-v1,A,5,early,early,12,15,170,22,148,784,6011,73.00,14,8,0
aggressive-v1,aggressive-v1,A,5,early,early,13,15,206,17,189,1185,7155,80.75,16,2,0
aggressive-v1,aggressive-v1,A,5,early,early,14,15,194,12,182,943,6942,78.00,20,2,0
aggressive-v1,aggressive-v1,A,5,early,early,15,15,91,24,67,524,2886,30.75,2,0,0
aggressive-v1,aggressive-v1,A,5,early,middle,7,15,1,0,1,4,18,0.25,0,0,0
aggressive-v1,aggressive-v1,A,5,early,middle,8,15,15,3,12,37,525,7.25,2,0,0
aggressive-v1,aggressive-v1,A,5,early,middle,9,15,36,15,21,59,1220,13.75,0,1,0
aggressive-v1,aggressive-v1,A,5,late,late,0,15,142,99,43,116,4961,58.50,11,4,0
aggressive-v1,aggressive-v1,A,5,late,late,1,15,132,86,46,100,4389,45.50,5,2,0
aggressive-v1,aggressive-v1,A,5,late,late,2,15,108,79,29,93,3822,45.75,11,1,0
aggressive-v1,aggressive-v1,A,5,late,late,3,15,95,62,33,99,3363,39.75,9,0,0
aggressive-v1,aggressive-v1,A,5,late,late,4,15,60,37,23,45,2046,20.00,4,1,0
aggressive-v1,aggressive-v1,A,5,late,middle,5,15,26,13,13,23,858,10.00,3,0,0
aggressive-v1,aggressive-v1,A,5,late,middle,6,15,19,12,7,34,773,9.00,6,0,0
aggressive-v1,aggressive-v1,A,5,late,middle,7,15,9,4,5,17,285,2.50,1,0,0
aggressive-v1,aggressive-v1,A,5,late,middle,8,15,3,0,3,10,132,1.25,1,0,0
aggressive-v1,aggressive-v1,A,5,late,middle,9,15,1,1,0,0,48,1.0,1,0,0
aggressive-v1,aggressive-v1,A,5,middle,early,10,15,83,25,58,190,2916,33.25,8,0,0
aggressive-v1,aggressive-v1,A,5,middle,early,11,15,58,22,36,133,1994,22.50,8,0,0
aggressive-v1,aggressive-v1,A,5,middle,early,12,15,31,7,24,90,1079,10.75,3,0,0
aggressive-v1,aggressive-v1,A,5,middle,early,13,15,10,0,10,32,430,4.75,3,0,0
aggressive-v1,aggressive-v1,A,5,middle,early,14,15,1,0,1,2,29,0.0,0,0,0
aggressive-v1,aggressive-v1,A,5,middle,late,0,15,6,3,3,13,193,2.25,0,0,0
aggressive-v1,aggressive-v1,A,5,middle,late,1,15,18,14,4,9,618,7.50,2,0,0
aggressive-v1,aggressive-v1,A,5,middle,late,2,15,41,29,12,36,1464,17.00,2,2,0
aggressive-v1,aggressive-v1,A,5,middle,late,3,15,55,36,19,49,1932,21.75,2,2,0
aggressive-v1,aggressive-v1,A,5,middle,late,4,15,96,61,35,131,3303,39.25,5,0,0
aggressive-v1,aggressive-v1,A,5,middle,middle,5,15,111,57,54,164,3803,48.00,7,5,0
aggressive-v1,aggressive-v1,A,5,middle,middle,6,15,144,78,66,210,4853,55.75,5,1,0
aggressive-v1,aggressive-v1,A,5,middle,middle,7,15,122,62,60,204,4174,47.25,6,2,0
aggressive-v1,aggressive-v1,A,5,middle,middle,8,15,138,57,81,276,4787,56.75,6,4,0
aggressive-v1,aggressive-v1,A,5,middle,middle,9,15,123,48,75,228,4421,51.50,14,5,0
aggressive-v1,aggressive-v1,B,3,early,early,10,15,65,9,56,355,3679,20.0,8,0,0
aggressive-v1,aggressive-v1,B,3,early,early,11,15,74,6,68,413,3716,17.0,1,2,0
aggressive-v1,aggressive-v1,B,3,early,early,12,15,109,4,105,558,5987,36.0,10,2,0
aggressive-v1,aggressive-v1,B,3,early,early,13,15,141,4,137,876,7816,44.5,18,0,0
aggressive-v1,aggressive-v1,B,3,early,early,14,15,112,7,105,412,6089,25.0,5,2,0
aggressive-v1,aggressive-v1,B,3,early,early,15,15,71,7,64,561,3840,16.5,2,1,0
aggressive-v1,aggressive-v1,B,3,early,middle,5,15,1,1,0,0,56,0.5,0,0,0
aggressive-v1,aggressive-v1,B,3,early,middle,7,15,3,3,0,0,153,1.0,0,0,0
aggressive-v1,aggressive-v1,B,3,early,middle,8,15,12,8,4,13,584,1.0,0,0,0
aggressive-v1,aggressive-v1,B,3,early,middle,9,15,26,8,18,124,1379,7.0,2,0,0
aggressive-v1,aggressive-v1,B,3,late,late,0,15,86,56,30,91,4693,24.5,7,1,0
aggressive-v1,aggressive-v1,B,3,late,late,1,15,65,44,21,75,3509,15.5,4,0,0
aggressive-v1,aggressive-v1,B,3,late,late,2,15,72,43,29,105,4133,22.5,11,1,0
aggressive-v1,aggressive-v1,B,3,late,late,3,15,47,28,19,67,2530,13.5,1,1,0
aggressive-v1,aggressive-v1,B,3,late,late,4,15,43,29,14,34,2430,12.0,4,1,0
aggressive-v1,aggressive-v1,B,3,late,middle,5,15,26,15,11,42,1574,11.5,5,2,0
aggressive-v1,aggressive-v1,B,3,late,middle,6,15,16,6,10,65,1015,7.0,5,0,0
aggressive-v1,aggressive-v1,B,3,late,middle,7,15,7,0,7,18,400,0.5,0,0,0
aggressive-v1,aggressive-v1,B,3,late,middle,8,15,1,1,0,0,49,0.0,0,0,0
aggressive-v1,aggressive-v1,B,3,middle,early,10,15,60,9,51,192,3289,17.5,7,1,0
aggressive-v1,aggressive-v1,B,3,middle,early,11,15,45,4,41,166,2485,12.0,1,3,0
aggressive-v1,aggressive-v1,B,3,middle,early,12,15,24,5,19,79,1225,4.5,1,0,0
aggressive-v1,aggressive-v1,B,3,middle,early,13,15,11,1,10,61,632,2.5,0,0,0
aggressive-v1,aggressive-v1,B,3,middle,early,14,15,1,1,0,0,49,0.0,0,0,0
aggressive-v1,aggressive-v1,B,3,middle,late,0,15,3,2,1,10,168,1.5,0,0,0
aggressive-v1,aggressive-v1,B,3,middle,late,1,15,19,14,5,25,987,3.5,0,0,0
aggressive-v1,aggressive-v1,B,3,middle,late,2,15,27,19,8,24,1397,7.5,2,0,0
aggressive-v1,aggressive-v1,B,3,middle,late,3,15,35,27,8,23,1785,7.0,0,0,0
aggressive-v1,aggressive-v1,B,3,middle,late,4,15,63,37,26,119,3355,17.5,6,0,0
aggressive-v1,aggressive-v1,B,3,middle,middle,5,15,66,36,30,160,3429,18.0,4,1,0
aggressive-v1,aggressive-v1,B,3,middle,middle,6,15,88,37,51,236,4913,28.0,10,1,0
aggressive-v1,aggressive-v1,B,3,middle,middle,7,15,102,36,66,224,5542,32.5,11,2,0
aggressive-v1,aggressive-v1,B,3,middle,middle,8,15,94,25,69,277,5177,25.5,10,1,0
aggressive-v1,aggressive-v1,B,3,middle,middle,9,15,75,14,61,249,4372,28.0,9,0,0
aggressive-v1,aggressive-v1,B,4,early,early,10,14,127,13,114,572,5239,58.9999999999999957,15,2,0
aggressive-v1,aggressive-v1,B,4,early,early,11,14,150,7,143,740,6006,57.9999999999999957,13,2,0
aggressive-v1,aggressive-v1,B,4,early,early,12,14,183,8,175,1068,7625,83.9999999999999937,17,3,0
aggressive-v1,aggressive-v1,B,4,early,early,13,14,156,9,147,608,6742,68.6666666666666621,18,0,0
aggressive-v1,aggressive-v1,B,4,early,early,14,14,72,14,58,463,3043,26.9999999999999980,6,0,0
aggressive-v1,aggressive-v1,B,4,early,middle,6,14,3,3,0,0,143,1.9999999999999999,1,0,0
aggressive-v1,aggressive-v1,B,4,early,middle,7,14,15,5,10,59,533,4.6666666666666663,1,0,0
aggressive-v1,aggressive-v1,B,4,early,middle,8,14,35,7,28,143,1522,19.3333333333333323,9,0,0
aggressive-v1,aggressive-v1,B,4,early,middle,9,14,46,10,36,233,1839,18.3333333333333321,6,0,0
aggressive-v1,aggressive-v1,B,4,late,late,0,14,104,69,35,95,4338,45.3333333333333300,11,1,0
aggressive-v1,aggressive-v1,B,4,late,late,1,14,96,65,31,84,4021,38.9999999999999967,3,3,0
aggressive-v1,aggressive-v1,B,4,late,late,2,14,72,45,27,102,2920,28.3333333333333312,7,0,0
aggressive-v1,aggressive-v1,B,4,late,late,3,14,63,43,20,74,2647,26.9999999999999977,3,1,0
aggressive-v1,aggressive-v1,B,4,late,late,4,14,36,21,15,30,1544,16.3333333333333320,2,1,0
aggressive-v1,aggressive-v1,B,4,late,middle,5,14,15,9,6,24,670,6.3333333333333328,1,0,0
aggressive-v1,aggressive-v1,B,4,late,middle,6,14,10,6,4,27,405,3.6666666666666664,0,1,0
aggressive-v1,aggressive-v1,B,4,late,middle,7,14,2,0,2,11,69,0.6666666666666666,0,0,0
aggressive-v1,aggressive-v1,B,4,middle,early,10,14,68,12,56,193,2830,28.6666666666666644,4,1,0
aggressive-v1,aggressive-v1,B,4,middle,early,11,14,24,2,22,64,1036,8.3333333333333325,0,0,0
aggressive-v1,aggressive-v1,B,4,middle,early,12,14,7,1,6,25,304,2.9999999999999997,0,0,0
aggressive-v1,aggressive-v1,B,4,middle,early,13,14,2,0,2,5,94,0.6666666666666666,0,0,0
aggressive-v1,aggressive-v1,B,4,middle,late,0,14,10,8,2,7,383,3.9999999999999997,1,0,0
aggressive-v1,aggressive-v1,B,4,middle,late,1,14,21,16,5,19,768,6.9999999999999994,1,0,0
aggressive-v1,aggressive-v1,B,4,middle,late,2,14,47,36,11,27,1934,20.3333333333333319,6,0,0
aggressive-v1,aggressive-v1,B,4,middle,late,3,14,81,51,30,77,3218,32.9999999999999977,10,0,0
aggressive-v1,aggressive-v1,B,4,middle,late,4,14,81,45,36,176,3364,33.3333333333333308,8,0,0
aggressive-v1,aggressive-v1,B,4,middle,middle,5,14,107,62,45,143,4239,43.9999999999999967,9,0,0
aggressive-v1,aggressive-v1,B,4,middle,middle,6,14,126,54,72,276,5332,58.6666666666666622,15,0,0
aggressive-v1,aggressive-v1,B,4,middle,middle,7,14,122,41,81,338,5141,53.3333333333333295,14,0,0
aggressive-v1,aggressive-v1,B,4,middle,middle,8,14,101,25,76,281,4302,45.9999999999999968,13,1,0
aggressive-v1,aggressive-v1,B,4,middle,middle,9,14,78,20,58,237,3324,39.6666666666666643,10,6,0
aggressive-v1,aggressive-v1,B,5,early,early,10,15,74,12,62,318,2415,28.25,2,0,0
aggressive-v1,aggressive-v1,B,5,early,early,11,15,110,16,94,435,3609,41.50,9,0,0
aggressive-v1,aggressive-v1,B,5,early,early,12,15,163,17,146,788,5496,59.25,7,2,0
aggressive-v1,aggressive-v1,B,5,early,early,13,15,206,21,185,1074,6597,73.00,12,0,0
aggressive-v1,aggressive-v1,B,5,early,early,14,15,194,9,185,907,6617,69.50,9,3,0
aggressive-v1,aggressive-v1,B,5,early,early,15,15,104,25,79,605,3419,35.75,1,1,0
aggressive-v1,aggressive-v1,B,5,early,middle,5,15,1,0,1,4,21,0.0,0,0,0
aggressive-v1,aggressive-v1,B,5,early,middle,6,15,2,0,2,7,67,1.00,0,0,0
aggressive-v1,aggressive-v1,B,5,early,middle,7,15,7,3,4,16,202,1.75,0,0,0
aggressive-v1,aggressive-v1,B,5,early,middle,8,15,19,5,14,52,559,5.00,0,0,0
aggressive-v1,aggressive-v1,B,5,early,middle,9,15,37,12,25,122,1165,12.75,1,0,0
aggressive-v1,aggressive-v1,B,5,late,late,0,15,131,95,36,74,4257,45.50,5,1,0
aggressive-v1,aggressive-v1,B,5,late,late,1,15,122,93,29,66,3909,41.00,4,0,0
aggressive-v1,aggressive-v1,B,5,late,late,2,15,100,70,30,88,3154,31.75,3,0,0
aggressive-v1,aggressive-v1,B,5,late,late,3,15,68,48,20,44,2252,23.25,0,0,0
aggressive-v1,aggressive-v1,B,5,late,late,4,15,59,46,13,44,2015,21.25,3,0,0
aggressive-v1,aggressive-v1,B,5,late,middle,5,15,34,26,8,56,1202,14.00,2,0,0
aggressive-v1,aggressive-v1,B,5,late,middle,6,15,29,25,4,5,949,8.00,0,0,0
aggressive-v1,aggressive-v1,B,5,late,middle,7,15,6,3,3,21,215,2.25,0,0,0
aggressive-v1,aggressive-v1,B,5,late,middle,8,15,2,2,0,0,60,0.50,0,0,0
aggressive-v1,aggressive-v1,B,5,late,middle,9,15,3,1,2,2,92,0.75,0,0,0
aggressive-v1,aggressive-v1,B,5,middle,early,10,15,86,28,58,239,2847,29.50,4,0,0
aggressive-v1,aggressive-v1,B,5,middle,early,11,15,56,15,41,155,1838,17.25,1,1,0
aggressive-v1,aggressive-v1,B,5,middle,early,12,15,25,8,17,59,824,8.25,0,0,0
aggressive-v1,aggressive-v1,B,5,middle,early,13,15,11,2,9,27,356,2.75,0,0,0
aggressive-v1,aggressive-v1,B,5,middle,early,14,15,2,0,2,13,94,1.50,0,0,0
aggressive-v1,aggressive-v1,B,5,middle,late,0,15,13,8,5,13,457,5.75,1,0,0
aggressive-v1,aggressive-v1,B,5,middle,late,1,15,21,15,6,15,754,8.75,1,0,0
aggressive-v1,aggressive-v1,B,5,middle,late,2,15,41,28,13,60,1257,12.75,0,1,0
aggressive-v1,aggressive-v1,B,5,middle,late,3,15,77,51,26,87,2462,30.50,6,0,0
aggressive-v1,aggressive-v1,B,5,middle,late,4,15,91,56,35,87,2810,28.50,3,1,0
aggressive-v1,aggressive-v1,B,5,middle,middle,5,15,106,61,45,160,3424,37.00,3,1,0
aggressive-v1,aggressive-v1,B,5,middle,middle,6,15,112,51,61,207,3643,36.50,5,0,0
aggressive-v1,aggressive-v1,B,5,middle,middle,7,15,162,91,71,301,5378,64.75,8,1,0
aggressive-v1,aggressive-v1,B,5,middle,middle,8,15,133,61,72,265,4310,45.75,4,2,0
aggressive-v1,aggressive-v1,B,5,middle,middle,9,15,98,38,60,247,3280,35.50,7,1,0
aggressive-v1,aggressive-v1,C,3,early,early,10,15,77,10,67,414,3950,32.5,6,3,0
aggressive-v1,aggressive-v1,C,3,early,early,11,15,93,7,86,483,4965,39.5,13,2,0
aggressive-v1,aggressive-v1,C,3,early,early,12,15,110,5,105,537,5673,45.5,16,4,0
aggressive-v1,aggressive-v1,C,3,early,early,13,15,144,5,139,818,7513,56.5,16,2,0
aggressive-v1,aggressive-v1,C,3,early,early,14,15,99,2,97,340,5151,40.0,14,1,0
aggressive-v1,aggressive-v1,C,3,early,early,15,15,53,12,41,320,2691,18.0,6,1,0
aggressive-v1,aggressive-v1,C,3,early,middle,7,15,2,0,2,6,85,0.5,0,0,0
aggressive-v1,aggressive-v1,C,3,early,middle,8,15,9,2,7,39,474,4.0,0,0,0
aggressive-v1,aggressive-v1,C,3,early,middle,9,15,35,14,21,100,1827,10.5,3,0,0
aggressive-v1,aggressive-v1,C,3,late,late,0,15,83,58,25,111,4332,33.0,10,2,0
aggressive-v1,aggressive-v1,C,3,late,late,1,15,84,61,23,85,4366,33.0,8,1,0
aggressive-v1,aggressive-v1,C,3,late,late,2,15,47,29,18,105,2534,18.5,7,1,0
aggressive-v1,aggressive-v1,C,3,late,late,3,15,64,39,25,133,3445,31.0,10,0,0
aggressive-v1,aggressive-v1,C,3,late,late,4,15,34,13,21,79,1672,13.0,3,0,0
aggressive-v1,aggressive-v1,C,3,late,middle,5,15,15,7,8,30,872,10.0,7,0,0
aggressive-v1,aggressive-v1,C,3,late,middle,6,15,7,2,5,24,376,3.0,0,0,0
aggressive-v1,aggressive-v1,C,3,late,middle,7,15,4,1,3,15,227,2.0,1,0,0
aggressive-v1,aggressive-v1,C,3,late,middle,8,15,2,0,2,2,113,0.0,0,0,0
aggressive-v1,aggressive-v1,C,3,middle,early,10,15,68,9,59,231,3572,33.0,14,3,0
aggressive-v1,aggressive-v1,C,3,middle,early,11,15,35,6,29,106,1849,14.0,4,0,0
aggressive-v1,aggressive-v1,C,3,middle,early,12,15,12,1,11,16,599,2.0,1,0,0
aggressive-v1,aggressive-v1,C,3,middle,early,13,15,6,0,6,6,317,2.5,0,0,0
aggressive-v1,aggressive-v1,C,3,middle,late,0,15,4,2,2,3,180,1.5,0,0,0
aggressive-v1,aggressive-v1,C,3,middle,late,1,15,15,12,3,8,748,4.5,0,0,0
aggressive-v1,aggressive-v1,C,3,middle,late,2,15,41,29,12,25,2086,16.0,2,2,0
aggressive-v1,aggressive-v1,C,3,middle,late,3,15,36,18,18,74,1711,12.5,3,3,0
aggressive-v1,aggressive-v1,C,3,middle,late,4,15,74,39,35,125,3917,28.5,6,1,0
aggressive-v1,aggressive-v1,C,3,middle,middle,5,15,88,45,43,173,4535,34.5,12,3,0
aggressive-v1,aggressive-v1,C,3,middle,middle,6,15,60,27,33,124,3040,20.0,5,2,0
aggressive-v1,aggressive-v1,C,3,middle,middle,7,15,104,30,74,250,5314,42.0,15,1,0
aggressive-v1,aggressive-v1,C,3,middle,middle,8,15,81,23,58,261,4304,35.0,12,2,0
aggressive-v1,aggressive-v1,C,3,middle,middle,9,15,79,21,58,234,4169,31.0,8,2,0
aggressive-v1,aggressive-v1,C,4,early,early,10,14,136,10,126,631,5850,63.6666666666666621,12,2,0
aggressive-v1,aggressive-v1,C,4,early,early,11,14,153,11,142,712,6854,67.9999999999999961,22,2,0
aggressive-v1,aggressive-v1,C,4,early,early,12,14,177,5,172,945,7395,72.9999999999999951,14,6,0
aggressive-v1,aggressive-v1,C,4,early,early,13,14,141,7,134,637,5961,60.3333333333333298,14,0,0
aggressive-v1,aggressive-v1,C,4,early,early,14,14,68,14,54,414,2874,30.6666666666666643,4,0,0
aggressive-v1,aggressive-v1,C,4,early,middle,5,14,1,1,0,0,42,0.0,0,0,0
aggressive-v1,aggressive-v1,C,4,early,middle,7,14,15,5,10,44,616,5.6666666666666665,4,0,0
aggressive-v1,aggressive-v1,C,4,early,middle,8,14,35,11,24,90,1344,14.3333333333333321,1,1,0
aggressive-v1,aggressive-v1,C,4,early,middle,9,14,66,11,55,272,2846,30.9999999999999985,12,4,0
aggressive-v1,aggressive-v1,C,4,late,late,0,14,107,71,36,108,4558,46.6666666666666633,11,2,0
aggressive-v1,aggressive-v1,C,4,late,late,1,14,92,57,35,129,3862,34.9999999999999972,7,0,0
aggressive-v1,aggressive-v1,C,4,late,late,2,14,65,46,19,78,2751,26.6666666666666651,9,2,0
aggressive-v1,aggressive-v1,C,4,late,late,3,14,59,35,24,94,2713,33.3333333333333312,8,3,0
aggressive-v1,aggressive-v1,C,4,late,late,4,14,35,16,19,94,1524,13.9999999999999989,3,0,0
aggressive-v1,aggressive-v1,C,4,late,middle,5,14,15,10,5,4,576,4.9999999999999995,0,0,0
aggressive-v1,aggressive-v1,C,4,late,middle,6,14,5,3,2,2,219,2.6666666666666665,0,0,0
aggressive-v1,aggressive-v1,C,4,late,middle,7,14,3,2,1,1,100,0.9999999999999999,0,0,0
aggressive-v1,aggressive-v1,C,4,middle,early,10,14,43,6,37,153,1790,18.3333333333333316,1,0,0
aggressive-v1,aggressive-v1,C,4,middle,early,11,14,21,5,16,79,802,6.9999999999999993,0,0,0
aggressive-v1,aggressive-v1,C,4,middle,early,12,14,9,0,9,35,341,2.6666666666666664,0,0,0
aggressive-v1,aggressive-v1,C,4,middle,early,13,14,6,1,5,2,236,1.9999999999999998,0,0,0
aggressive-v1,aggressive-v1,C,4,middle,late,0,14,8,5,3,9,318,3.3333333333333330,0,0,0
aggressive-v1,aggressive-v1,C,4,middle,late,1,14,28,18,10,35,1169,10.9999999999999992,3,0,0
aggressive-v1,aggressive-v1,C,4,middle,late,2,14,48,34,14,50,1903,17.6666666666666652,3,0,0
aggressive-v1,aggressive-v1,C,4,middle,late,3,14,76,43,33,111,3191,29.6666666666666643,4,1,0
aggressive-v1,aggressive-v1,C,4,middle,late,4,14,104,53,51,134,4253,42.3333333333333302,10,1,0
aggressive-v1,aggressive-v1,C,4,middle,middle,5,14,102,49,53,222,4391,43.9999999999999970,12,1,0
aggressive-v1,aggressive-v1,C,4,middle,middle,6,14,123,60,63,258,5211,56.6666666666666627,12,4,0
aggressive-v1,aggressive-v1,C,4,middle,middle,7,14,125,47,78,275,5441,58.3333333333333296,16,5,0
aggressive-v1,aggressive-v1,C,4,middle,middle,8,14,107,31,76,292,4590,47.3333333333333297,10,1,0
aggressive-v1,aggressive-v1,C,4,middle,middle,9,14,72,17,55,198,3194,34.9999999999999977,10,1,0
aggressive-v1,aggressive-v1,C,5,early,early,10,15,86,15,71,382,2883,38.50,8,0,0
aggressive-v1,aggressive-v1,C,5,early,early,11,15,124,17,107,556,3968,52.25,15,0,0
aggressive-v1,aggressive-v1,C,5,early,early,12,15,172,18,154,787,5804,76.25,14,0,0
aggressive-v1,aggressive-v1,C,5,early,early,13,15,225,20,205,1165,7525,104.75,32,4,0
aggressive-v1,aggressive-v1,C,5,early,early,14,15,189,19,170,724,6495,83.00,16,2,0
aggressive-v1,aggressive-v1,C,5,early,early,15,15,70,20,50,419,2401,28.00,5,1,0
aggressive-v1,aggressive-v1,C,5,early,middle,6,15,2,0,2,5,57,1.00,0,0,0
aggressive-v1,aggressive-v1,C,5,early,middle,7,15,4,2,2,10,123,2.00,0,0,0
aggressive-v1,aggressive-v1,C,5,early,middle,8,15,22,6,16,51,753,13.25,4,0,0
aggressive-v1,aggressive-v1,C,5,early,middle,9,15,40,14,26,134,1313,19.25,7,0,0
aggressive-v1,aggressive-v1,C,5,late,late,0,15,138,102,36,69,4620,60.50,15,1,0
aggressive-v1,aggressive-v1,C,5,late,late,1,15,158,113,45,127,5193,69.00,20,0,0
aggressive-v1,aggressive-v1,C,5,late,late,2,15,99,80,19,49,3467,48.00,12,1,0
aggressive-v1,aggressive-v1,C,5,late,late,3,15,89,64,25,95,3110,38.00,8,1,0
aggressive-v1,aggressive-v1,C,5,late,late,4,15,51,38,13,60,1820,24.75,3,1,0
aggressive-v1,aggressive-v1,C,5,late,middle,5,15,38,25,13,86,1319,16.00,4,1,0
aggressive-v1,aggressive-v1,C,5,late,middle,6,15,21,10,11,38,752,9.00,2,0,0
aggressive-v1,aggressive-v1,C,5,late,middle,7,15,8,3,5,27,309,4.75,2,0,0
aggressive-v1,aggressive-v1,C,5,late,middle,8,15,6,3,3,4,206,1.75,0,0,0
aggressive-v1,aggressive-v1,C,5,middle,early,10,15,99,31,68,212,3608,47.00,14,1,0
aggressive-v1,aggressive-v1,C,5,middle,early,11,15,49,18,31,110,1698,20.75,3,1,0
aggressive-v1,aggressive-v1,C,5,middle,early,12,15,23,5,18,53,872,12.25,3,0,0
aggressive-v1,aggressive-v1,C,5,middle,early,13,15,11,1,10,34,368,4.00,1,0,0
aggressive-v1,aggressive-v1,C,5,middle,late,0,15,6,4,2,8,187,3.25,0,0,0
aggressive-v1,aggressive-v1,C,5,middle,late,1,15,16,11,5,16,447,5.50,0,0,0
aggressive-v1,aggressive-v1,C,5,middle,late,2,15,40,27,13,22,1273,18.00,6,0,0
aggressive-v1,aggressive-v1,C,5,middle,late,3,15,68,47,21,72,2209,30.25,7,0,0
aggressive-v1,aggressive-v1,C,5,middle,late,4,15,78,53,25,111,2451,33.00,6,0,0
aggressive-v1,aggressive-v1,C,5,middle,middle,5,15,113,68,45,160,3702,54.00,14,3,0
aggressive-v1,aggressive-v1,C,5,middle,middle,6,15,146,84,62,190,4891,65.00,18,1,0
aggressive-v1,aggressive-v1,C,5,middle,middle,7,15,150,73,77,282,4916,65.25,15,0,0
aggressive-v1,aggressive-v1,C,5,middle,middle,8,15,136,66,70,233,4651,59.25,14,1,0
aggressive-v1,aggressive-v1,C,5,middle,middle,9,15,112,50,62,187,3718,44.75,7,0,0
aggressive-v1,aggressive-v1,D,3,early,early,10,15,46,12,34,181,2402,12.0,1,0,0
aggressive-v1,aggressive-v1,D,3,early,early,11,15,96,4,92,558,5451,32.0,11,0,0
aggressive-v1,aggressive-v1,D,3,early,early,12,15,146,6,140,843,8480,44.5,13,0,0
aggressive-v1,aggressive-v1,D,3,early,early,13,15,116,4,112,851,6766,36.5,13,0,0
aggressive-v1,aggressive-v1,D,3,early,early,14,15,115,5,110,582,6420,31.5,6,0,0
aggressive-v1,aggressive-v1,D,3,early,early,15,15,49,16,33,298,2647,9.5,0,0,0
aggressive-v1,aggressive-v1,D,3,early,middle,7,15,1,0,1,2,52,0.0,0,0,0
aggressive-v1,aggressive-v1,D,3,early,middle,8,15,14,6,8,16,761,1.5,0,0,0
aggressive-v1,aggressive-v1,D,3,early,middle,9,15,34,9,25,150,1865,8.5,1,0,0
aggressive-v1,aggressive-v1,D,3,late,late,0,15,81,67,14,67,4588,23.5,6,0,0
aggressive-v1,aggressive-v1,D,3,late,late,1,15,91,76,15,67,5406,29.0,7,0,0
aggressive-v1,aggressive-v1,D,3,late,late,2,15,70,57,13,43,3992,17.0,7,0,0
aggressive-v1,aggressive-v1,D,3,late,late,3,15,59,46,13,61,3365,17.0,2,0,0
aggressive-v1,aggressive-v1,D,3,late,late,4,15,35,22,13,58,2013,11.0,5,0,0
aggressive-v1,aggressive-v1,D,3,late,middle,5,15,21,15,6,26,1333,7.5,4,0,0
aggressive-v1,aggressive-v1,D,3,late,middle,6,15,8,5,3,24,507,4.0,2,0,0
aggressive-v1,aggressive-v1,D,3,late,middle,7,15,4,1,3,13,300,2.0,2,0,0
aggressive-v1,aggressive-v1,D,3,late,middle,8,15,3,1,2,3,183,1.5,0,0,0
aggressive-v1,aggressive-v1,D,3,middle,early,10,15,69,8,61,361,4040,24.5,6,0,0
aggressive-v1,aggressive-v1,D,3,middle,early,11,15,37,2,35,132,2247,12.5,3,0,0
aggressive-v1,aggressive-v1,D,3,middle,early,12,15,11,0,11,43,662,4.0,1,0,0
aggressive-v1,aggressive-v1,D,3,middle,early,13,15,3,0,3,6,147,0.5,0,0,0
aggressive-v1,aggressive-v1,D,3,middle,late,0,15,7,7,0,0,368,1.5,0,0,0
aggressive-v1,aggressive-v1,D,3,middle,late,1,15,11,9,2,4,575,2.5,0,0,0
aggressive-v1,aggressive-v1,D,3,middle,late,2,15,20,15,5,22,1031,4.5,1,0,0
aggressive-v1,aggressive-v1,D,3,middle,late,3,15,38,31,7,28,2054,8.0,1,0,0
aggressive-v1,aggressive-v1,D,3,middle,late,4,15,71,46,25,61,3877,19.0,2,0,0
aggressive-v1,aggressive-v1,D,3,middle,middle,5,15,63,41,22,76,3403,13.5,1,0,0
aggressive-v1,aggressive-v1,D,3,middle,middle,6,15,86,42,44,177,4878,24.0,6,0,0
aggressive-v1,aggressive-v1,D,3,middle,middle,7,15,107,47,60,179,6234,34.5,11,0,0
aggressive-v1,aggressive-v1,D,3,middle,middle,8,15,90,30,60,287,4990,22.5,7,0,0
aggressive-v1,aggressive-v1,D,3,middle,middle,9,15,79,20,59,237,4684,27.0,10,0,0
aggressive-v1,aggressive-v1,D,4,early,early,10,14,105,8,97,548,4936,44.3333333333333307,16,0,0
aggressive-v1,aggressive-v1,D,4,early,early,11,14,133,11,122,708,5729,47.6666666666666633,11,0,0
aggressive-v1,aggressive-v1,D,4,early,early,12,14,188,8,180,1275,8331,68.9999999999999950,13,0,0
aggressive-v1,aggressive-v1,D,4,early,early,13,14,150,0,150,795,6960,59.3333333333333294,17,0,0
aggressive-v1,aggressive-v1,D,4,early,early,14,14,83,20,63,425,3843,33.6666666666666644,11,0,0
aggressive-v1,aggressive-v1,D,4,early,middle,6,14,4,2,2,25,145,0.0,0,0,0
aggressive-v1,aggressive-v1,D,4,early,middle,7,14,12,6,6,25,443,1.6666666666666665,0,0,0
aggressive-v1,aggressive-v1,D,4,early,middle,8,14,34,10,24,111,1412,10.9999999999999994,4,0,0
aggressive-v1,aggressive-v1,D,4,early,middle,9,14,81,19,62,327,3461,26.9999999999999980,7,0,0
aggressive-v1,aggressive-v1,D,4,late,late,0,14,110,71,39,107,4925,42.6666666666666636,12,0,0
aggressive-v1,aggressive-v1,D,4,late,late,1,14,93,67,26,104,4049,31.3333333333333310,8,0,0
aggressive-v1,aggressive-v1,D,4,late,late,2,14,75,44,31,119,3424,27.3333333333333312,5,0,0
aggressive-v1,aggressive-v1,D,4,late,late,3,14,47,32,15,46,1994,17.9999999999999986,3,0,0
aggressive-v1,aggressive-v1,D,4,late,late,4,14,23,16,7,48,1119,9.6666666666666658,1,0,0
aggressive-v1,aggressive-v1,D,4,late,middle,5,14,16,11,5,35,822,7.9999999999999995,3,0,0
aggressive-v1,aggressive-v1,D,4,late,middle,6,14,5,4,1,5,241,1.6666666666666665,0,0,0
aggressive-v1,aggressive-v1,D,4,late,middle,8,14,1,1,0,0,51,0.3333333333333333,0,0,0
aggressive-v1,aggressive-v1,D,4,late,middle,9,14,1,1,0,0,51,0.3333333333333333,0,0,0
aggressive-v1,aggressive-v1,D,4,middle,early,10,14,47,8,39,166,2208,18.6666666666666651,3,0,0
aggressive-v1,aggressive-v1,D,4,middle,early,11,14,24,6,18,74,1101,9.3333333333333325,1,0,0
aggressive-v1,aggressive-v1,D,4,middle,early,12,14,6,1,5,13,299,2.6666666666666665,1,0,0
aggressive-v1,aggressive-v1,D,4,middle,early,13,14,5,0,5,14,252,1.6666666666666666,0,0,0
aggressive-v1,aggressive-v1,D,4,middle,late,0,14,10,5,5,11,419,2.9999999999999997,0,0,0
aggressive-v1,aggressive-v1,D,4,middle,late,1,14,43,28,15,43,1824,15.3333333333333321,3,0,0
aggressive-v1,aggressive-v1,D,4,middle,late,2,14,64,41,23,67,2807,21.6666666666666652,7,0,0
aggressive-v1,aggressive-v1,D,4,middle,late,3,14,92,59,33,116,3962,33.3333333333333311,11,0,0
aggressive-v1,aggressive-v1,D,4,middle,late,4,14,93,42,51,186,3983,31.6666666666666642,7,0,0
aggressive-v1,aggressive-v1,D,4,middle,middle,5,14,114,59,55,166,5090,43.6666666666666636,12,0,0
aggressive-v1,aggressive-v1,D,4,middle,middle,6,14,119,54,65,273,5215,38.9999999999999969,8,0,0
aggressive-v1,aggressive-v1,D,4,middle,middle,7,14,110,40,70,249,4814,39.3333333333333305,9,0,0
aggressive-v1,aggressive-v1,D,4,middle,middle,8,14,90,35,55,177,4291,41.6666666666666641,16,0,0
aggressive-v1,aggressive-v1,D,4,middle,middle,9,14,55,11,44,171,2533,24.6666666666666647,5,0,0
aggressive-v1,aggressive-v1,D,5,early,early,10,15,72,13,59,193,2552,21.75,2,0,0
aggressive-v1,aggressive-v1,D,5,early,early,11,15,121,35,86,369,4147,35.00,3,0,0
aggressive-v1,aggressive-v1,D,5,early,early,12,15,174,28,146,741,6514,63.75,13,0,0
aggressive-v1,aggressive-v1,D,5,early,early,13,15,235,13,222,1572,8311,70.75,4,0,0
aggressive-v1,aggressive-v1,D,5,early,early,14,15,159,13,146,800,5661,49.25,4,0,0
aggressive-v1,aggressive-v1,D,5,early,early,15,15,97,22,75,528,3522,26.50,0,0,0
aggressive-v1,aggressive-v1,D,5,early,middle,7,15,6,2,4,11,196,0.75,0,0,0
aggressive-v1,aggressive-v1,D,5,early,middle,8,15,21,7,14,36,741,6.50,1,0,0
aggressive-v1,aggressive-v1,D,5,early,middle,9,15,28,8,20,113,893,5.75,1,0,0
aggressive-v1,aggressive-v1,D,5,late,late,0,15,138,95,43,102,4896,42.50,4,0,0
aggressive-v1,aggressive-v1,D,5,late,late,1,15,147,106,41,104,5011,40.75,1,0,0
aggressive-v1,aggressive-v1,D,5,late,late,2,15,98,64,34,79,3420,30.25,3,0,0
aggressive-v1,aggressive-v1,D,5,late,late,3,15,97,61,36,113,3450,28.50,1,0,0
aggressive-v1,aggressive-v1,D,5,late,late,4,15,72,48,24,53,2471,22.25,3,0,0
aggressive-v1,aggressive-v1,D,5,late,middle,5,15,32,18,14,64,1210,11.50,1,0,0
aggressive-v1,aggressive-v1,D,5,late,middle,6,15,16,11,5,7,497,4.00,0,0,0
aggressive-v1,aggressive-v1,D,5,late,middle,7,15,9,6,3,4,310,2.50,0,0,0
aggressive-v1,aggressive-v1,D,5,late,middle,8,15,2,1,1,2,72,0.50,0,0,0
aggressive-v1,aggressive-v1,D,5,middle,early,10,15,108,38,70,281,4133,40.25,2,0,0
aggressive-v1,aggressive-v1,D,5,middle,early,11,15,44,16,28,90,1563,13.75,0,0,0
aggressive-v1,aggressive-v1,D,5,middle,early,12,15,24,6,18,57,809,6.00,0,0,0
aggressive-v1,aggressive-v1,D,5,middle,early,13,15,5,1,4,1,214,1.75,0,0,0
aggressive-v1,aggressive-v1,D,5,middle,early,14,15,2,0,2,8,54,0.50,0,0,0
aggressive-v1,aggressive-v1,D,5,middle,late,0,15,5,4,1,1,163,0.50,0,0,0
aggressive-v1,aggressive-v1,D,5,middle,late,1,15,18,9,9,28,587,2.75,0,0,0
aggressive-v1,aggressive-v1,D,5,middle,late,2,15,38,22,16,28,1321,9.75,2,0,0
aggressive-v1,aggressive-v1,D,5,middle,late,3,15,67,39,28,62,2265,17.75,3,0,0
aggressive-v1,aggressive-v1,D,5,middle,late,4,15,86,46,40,125,2962,20.75,0,0,0
aggressive-v1,aggressive-v1,D,5,middle,middle,5,15,114,61,53,150,4031,33.00,3,0,0
aggressive-v1,aggressive-v1,D,5,middle,middle,6,15,132,69,63,130,4654,39.75,4,0,0
aggressive-v1,aggressive-v1,D,5,middle,middle,7,15,154,87,67,206,5506,50.00,6,0,0
aggressive-v1,aggressive-v1,D,5,middle,middle,8,15,113,45,68,187,3974,33.75,6,0,0
aggressive-v1,aggressive-v1,D,5,middle,middle,9,15,131,44,87,233,4616,42.25,2,0,0
aggressive-v1,aggressive-v1,E,3,early,early,10,15,53,16,37,167,3100,21.0,7,2,0
aggressive-v1,aggressive-v1,E,3,early,early,11,15,86,3,83,487,5038,32.5,8,2,0
aggressive-v1,aggressive-v1,E,3,early,early,12,15,111,6,105,599,6944,38.5,11,0,0
aggressive-v1,aggressive-v1,E,3,early,early,13,15,162,2,160,1075,9828,59.0,16,2,0
aggressive-v1,aggressive-v1,E,3,early,early,14,15,95,2,93,461,5756,40.5,17,0,0
aggressive-v1,aggressive-v1,E,3,early,early,15,15,75,7,68,544,4274,20.0,1,0,0
aggressive-v1,aggressive-v1,E,3,early,middle,5,15,1,1,0,0,49,0.5,0,0,0
aggressive-v1,aggressive-v1,E,3,early,middle,6,15,3,0,3,9,122,0.5,0,0,0
aggressive-v1,aggressive-v1,E,3,early,middle,7,15,5,1,4,15,220,0.5,0,0,0
aggressive-v1,aggressive-v1,E,3,early,middle,8,15,6,1,5,23,302,1.5,0,0,0
aggressive-v1,aggressive-v1,E,3,early,middle,9,15,22,7,15,66,1368,7.0,1,1,0
aggressive-v1,aggressive-v1,E,3,late,late,0,15,86,59,27,80,5305,33.5,9,2,0
aggressive-v1,aggressive-v1,E,3,late,late,1,15,100,81,19,54,6293,41.0,15,0,0
aggressive-v1,aggressive-v1,E,3,late,late,2,15,56,38,18,42,3411,23.5,7,3,0
aggressive-v1,aggressive-v1,E,3,late,late,3,15,46,33,13,70,3106,18.5,7,1,0
aggressive-v1,aggressive-v1,E,3,late,late,4,15,35,24,11,33,2361,14.5,6,0,0
aggressive-v1,aggressive-v1,E,3,late,middle,5,15,23,14,9,32,1311,6.0,2,0,0
aggressive-v1,aggressive-v1,E,3,late,middle,6,15,12,7,5,14,616,4.5,1,0,0
aggressive-v1,aggressive-v1,E,3,late,middle,7,15,2,1,1,2,125,0.5,0,0,0
aggressive-v1,aggressive-v1,E,3,late,middle,8,15,1,0,1,8,82,0.5,0,0,0
aggressive-v1,aggressive-v1,E,3,middle,early,10,15,57,13,44,142,3658,24.5,10,0,0
aggressive-v1,aggressive-v1,E,3,middle,early,11,15,41,10,31,128,2485,15.0,4,0,0
aggressive-v1,aggressive-v1,E,3,middle,early,12,15,18,1,17,73,1130,6.5,3,0,0
aggressive-v1,aggressive-v1,E,3,middle,early,13,15,11,2,9,19,723,4.5,0,0,0
aggressive-v1,aggressive-v1,E,3,middle,early,14,15,2,0,2,0,155,1.0,0,0,0
aggressive-v1,aggressive-v1,E,3,middle,late,0,15,4,1,3,5,177,0.5,0,0,0
aggressive-v1,aggressive-v1,E,3,middle,late,1,15,10,6,4,8,481,3.0,0,0,0
aggressive-v1,aggressive-v1,E,3,middle,late,2,15,30,21,9,33,1606,10.5,2,0,0
aggressive-v1,aggressive-v1,E,3,middle,late,3,15,38,21,17,47,2094,12.0,1,1,0
aggressive-v1,aggressive-v1,E,3,middle,late,4,15,53,34,19,43,3116,19.5,5,0,0
aggressive-v1,aggressive-v1,E,3,middle,middle,5,15,82,38,44,192,4993,28.5,8,3,0
aggressive-v1,aggressive-v1,E,3,middle,middle,6,15,90,46,44,139,5036,27.5,6,0,0
aggressive-v1,aggressive-v1,E,3,middle,middle,7,15,81,34,47,184,5057,27.5,7,1,0
aggressive-v1,aggressive-v1,E,3,middle,middle,8,15,96,32,64,237,5972,37.0,11,1,0
aggressive-v1,aggressive-v1,E,3,middle,middle,9,15,72,22,50,226,4493,28.5,9,1,0
aggressive-v1,aggressive-v1,E,4,early,early,10,14,91,10,81,457,3859,36.6666666666666642,8,3,0
aggressive-v1,aggressive-v1,E,4,early,early,11,14,158,12,146,915,7150,64.3333333333333293,22,2,0
aggressive-v1,aggressive-v1,E,4,early,early,12,14,171,1,170,1101,7604,66.6666666666666621,15,2,0
aggressive-v1,aggressive-v1,E,4,early,early,13,14,152,4,148,742,6593,59.6666666666666631,13,0,0
aggressive-v1,aggressive-v1,E,4,early,early,14,14,59,9,50,362,2640,16.9999999999999986,2,0,0
aggressive-v1,aggressive-v1,E,4,early,middle,5,14,1,0,1,5,40,0.0,0,0,0
aggressive-v1,aggressive-v1,E,4,early,middle,6,14,1,1,0,0,75,1.0,1,0,0
aggressive-v1,aggressive-v1,E,4,early,middle,7,14,10,4,6,32,432,3.3333333333333331,1,0,0
aggressive-v1,aggressive-v1,E,4,early,middle,8,14,50,16,34,174,2273,18.6666666666666651,3,0,0
aggressive-v1,aggressive-v1,E,4,early,middle,9,14,89,18,71,334,3901,37.6666666666666644,14,0,0
aggressive-v1,aggressive-v1,E,4,late,late,0,14,110,74,36,125,4961,43.6666666666666635,11,1,0
aggressive-v1,aggressive-v1,E,4,late,late,1,14,96,63,33,122,4401,40.3333333333333307,12,1,0
aggressive-v1,aggressive-v1,E,4,late,late,2,14,76,54,22,101,3571,33.9999999999999979,12,1,0
aggressive-v1,aggressive-v1,E,4,late,late,3,14,54,37,17,61,2307,17.3333333333333319,3,0,0
aggressive-v1,aggressive-v1,E,4,late,late,4,14,23,15,8,10,1076,9.6666666666666660,2,1,0
aggressive-v1,aggressive-v1,E,4,late,middle,5,14,14,12,2,8,550,4.9999999999999996,1,0,0
aggressive-v1,aggressive-v1,E,4,late,middle,6,14,5,3,2,1,217,1.9999999999999998,0,0,0
aggressive-v1,aggressive-v1,E,4,late,middle,7,14,1,0,1,9,19,0.3333333333333333,0,0,0
aggressive-v1,aggressive-v1,E,4,late,middle,9,14,1,0,1,0,19,0.3333333333333333,0,0,0
aggressive-v1,aggressive-v1,E,4,middle,early,10,14,51,9,42,109,2419,21.3333333333333321,6,3,0
aggressive-v1,aggressive-v1,E,4,middle,early,11,14,25,1,24,101,1128,10.9999999999999990,0,0,0
aggressive-v1,aggressive-v1,E,4,middle,early,12,14,3,0,3,11,146,1.3333333333333332,0,0,0
aggressive-v1,aggressive-v1,E,4,middle,late,0,14,11,6,5,7,403,2.6666666666666664,0,0,0
aggressive-v1,aggressive-v1,E,4,middle,late,1,14,23,15,8,29,930,7.9999999999999993,1,0,0
aggressive-v1,aggressive-v1,E,4,middle,late,2,14,46,29,17,64,1961,15.9999999999999984,0,0,0
aggressive-v1,aggressive-v1,E,4,middle,late,3,14,87,55,32,158,4056,34.6666666666666645,13,0,0
aggressive-v1,aggressive-v1,E,4,middle,late,4,14,105,58,47,162,4779,42.9999999999999969,12,0,0
aggressive-v1,aggressive-v1,E,4,middle,middle,5,14,122,63,59,257,5576,46.9999999999999968,15,0,0
aggressive-v1,aggressive-v1,E,4,middle,middle,6,14,131,58,73,300,5736,49.9999999999999960,8,1,0
aggressive-v1,aggressive-v1,E,4,middle,middle,7,14,114,38,76,273,4936,48.3333333333333299,10,2,0
aggressive-v1,aggressive-v1,E,4,middle,middle,8,14,102,28,74,302,4585,41.9999999999999975,14,2,0
aggressive-v1,aggressive-v1,E,4,middle,middle,9,14,61,16,45,186,2502,19.6666666666666653,6,0,0
aggressive-v1,aggressive-v1,E,5,early,early,10,15,74,23,51,220,2740,30.00,10,0,0
aggressive-v1,aggressive-v1,E,5,early,early,11,15,108,19,89,400,3622,35.25,7,0,0
aggressive-v1,aggressive-v1,E,5,early,early,12,15,156,15,141,775,5296,53.00,8,0,0
aggressive-v1,aggressive-v1,E,5,early,early,13,15,233,21,212,1297,7815,81.75,14,0,0
aggressive-v1,aggressive-v1,E,5,early,early,14,15,187,9,178,869,6692,67.00,10,0,0
aggressive-v1,aggressive-v1,E,5,early,early,15,15,90,15,75,553,3041,30.50,1,0,0
aggressive-v1,aggressive-v1,E,5,early,middle,6,15,1,0,1,4,42,1.0,1,0,0
aggressive-v1,aggressive-v1,E,5,early,middle,7,15,10,2,8,26,352,3.50,2,0,0
aggressive-v1,aggressive-v1,E,5,early,middle,8,15,14,7,7,17,535,5.50,2,0,0
aggressive-v1,aggressive-v1,E,5,early,middle,9,15,48,17,31,110,1788,20.75,10,0,0
aggressive-v1,aggressive-v1,E,5,late,late,0,15,136,102,34,97,4684,48.25,10,0,0
aggressive-v1,aggressive-v1,E,5,late,late,1,15,131,100,31,81,4722,45.75,11,0,0
aggressive-v1,aggressive-v1,E,5,late,late,2,15,125,87,38,113,4231,40.50,9,0,0
aggressive-v1,aggressive-v1,E,5,late,late,3,15,85,55,30,84,2697,29.00,3,0,0
aggressive-v1,aggressive-v1,E,5,late,late,4,15,69,45,24,64,2198,21.75,1,0,0
aggressive-v1,aggressive-v1,E,5,late,middle,5,15,38,25,13,63,1272,12.00,1,0,0
aggressive-v1,aggressive-v1,E,5,late,middle,6,15,27,20,7,31,1001,9.75,0,0,0
aggressive-v1,aggressive-v1,E,5,late,middle,7,15,5,2,3,14,199,1.75,0,0,0
aggressive-v1,aggressive-v1,E,5,late,middle,8,15,3,1,2,2,104,1.00,0,0,0
aggressive-v1,aggressive-v1,E,5,middle,early,10,15,93,27,66,237,3166,28.25,1,0,0
aggressive-v1,aggressive-v1,E,5,middle,early,11,15,40,12,28,117,1300,13.00,2,0,0
aggressive-v1,aggressive-v1,E,5,middle,early,12,15,23,5,18,65,773,8.50,0,0,0
aggressive-v1,aggressive-v1,E,5,middle,early,13,15,16,3,13,46,485,4.75,0,0,0
aggressive-v1,aggressive-v1,E,5,middle,early,14,15,2,0,2,1,54,0.50,0,0,0
aggressive-v1,aggressive-v1,E,5,middle,late,0,15,8,7,1,2,268,2.50,0,0,0
aggressive-v1,aggressive-v1,E,5,middle,late,1,15,16,10,6,17,453,3.25,1,0,0
aggressive-v1,aggressive-v1,E,5,middle,late,2,15,38,28,10,38,1342,15.50,4,0,0
aggressive-v1,aggressive-v1,E,5,middle,late,3,15,56,34,22,84,2015,20.75,8,0,0
aggressive-v1,aggressive-v1,E,5,middle,late,4,15,92,55,37,115,3022,31.50,4,0,0
aggressive-v1,aggressive-v1,E,5,middle,middle,5,15,121,63,58,173,4076,46.00,15,0,0
aggressive-v1,aggressive-v1,E,5,middle,middle,6,15,142,73,69,269,4942,48.50,9,0,0
aggressive-v1,aggressive-v1,E,5,middle,middle,7,15,143,80,63,299,5082,52.25,12,0,0
aggressive-v1,aggressive-v1,E,5,middle,middle,8,15,128,61,67,276,4559,51.00,12,0,0
aggressive-v1,aggressive-v1,E,5,middle,middle,9,15,117,31,86,315,3915,40.50,6,0,0
aggressive-v3,aggressive-v3,A,3,early,early,10,15,53,4,49,215,4025,33.5,21,5,0
aggressive-v3,aggressive-v3,A,3,early,early,11,15,84,4,80,343,7332,62.5,48,3,0
aggressive-v3,aggressive-v3,A,3,early,early,12,15,74,7,67,271,6269,59.5,47,4,0
aggressive-v3,aggressive-v3,A,3,early,early,13,15,118,2,116,383,10534,86.0,68,3,0
aggressive-v3,aggressive-v3,A,3,early,early,14,15,72,0,72,127,6763,59.0,51,1,0
aggressive-v3,aggressive-v3,A,3,early,early,15,15,51,0,51,69,5011,41.5,39,0,0
aggressive-v3,aggressive-v3,A,3,early,middle,7,15,2,0,2,15,166,2.0,2,0,0
aggressive-v3,aggressive-v3,A,3,early,middle,8,15,4,0,4,26,316,3.5,1,2,0
aggressive-v3,aggressive-v3,A,3,early,middle,9,15,24,1,23,105,1843,17.5,11,4,0
aggressive-v3,aggressive-v3,A,3,late,late,0,15,88,2,86,271,7683,65.5,51,4,0
aggressive-v3,aggressive-v3,A,3,late,late,1,15,97,11,86,347,8115,64.5,48,4,0
aggressive-v3,aggressive-v3,A,3,late,late,2,15,85,19,66,262,7290,63.5,50,2,0
aggressive-v3,aggressive-v3,A,3,late,late,3,15,87,15,72,286,7324,59.5,47,5,0
aggressive-v3,aggressive-v3,A,3,late,late,4,15,53,4,49,206,4547,37.0,29,2,0
aggressive-v3,aggressive-v3,A,3,late,middle,5,15,21,0,21,67,1829,12.5,10,0,0
aggressive-v3,aggressive-v3,A,3,late,middle,6,15,18,2,16,40,1694,16.0,14,0,0
aggressive-v3,aggressive-v3,A,3,late,middle,7,15,7,1,6,21,620,6.5,6,0,0
aggressive-v3,aggressive-v3,A,3,late,middle,8,15,2,0,2,2,169,1.5,1,0,0
aggressive-v3,aggressive-v3,A,3,middle,early,10,15,67,7,60,203,5794,49.5,37,1,0
aggressive-v3,aggressive-v3,A,3,middle,early,11,15,47,5,42,143,4536,40.0,39,0,0
aggressive-v3,aggressive-v3,A,3,middle,early,12,15,20,1,19,36,2036,17.0,16,0,0
aggressive-v3,aggressive-v3,A,3,middle,early,13,15,14,1,13,39,1266,12.0,10,0,0
aggressive-v3,aggressive-v3,A,3,middle,early,14,15,1,0,1,1,149,1.0,1,0,0
aggressive-v3,aggressive-v3,A,3,middle,late,0,15,1,0,1,9,73,1.0,1,0,0
aggressive-v3,aggressive-v3,A,3,middle,late,1,15,6,2,4,13,518,4.0,2,0,0
aggressive-v3,aggressive-v3,A,3,middle,late,2,15,21,3,18,84,1828,17.5,15,0,0
aggressive-v3,aggressive-v3,A,3,middle,late,3,15,49,7,42,211,4060,38.5,23,9,0
aggressive-v3,aggressive-v3,A,3,middle,late,4,15,62,4,58,220,5706,48.0,37,3,0
aggressive-v3,aggressive-v3,A,3,middle,middle,5,15,97,10,87,375,8200,75.0,56,10,0
aggressive-v3,aggressive-v3,A,3,middle,middle,6,15,119,7,112,429,10459,87.5,69,7,0
aggressive-v3,aggressive-v3,A,3,middle,middle,7,15,107,7,100,397,9192,77.5,62,3,0
aggressive-v3,aggressive-v3,A,3,middle,middle,8,15,118,7,111,442,10673,85.5,68,4,0
aggressive-v3,aggressive-v3,A,3,middle,middle,9,15,100,9,91,353,8949,81.0,66,1,0
aggressive-v3,aggressive-v3,A,4,early,early,10,14,95,10,85,368,6019,69.9999999999999977,44,4,0
aggressive-v3,aggressive-v3,A,4,early,early,11,14,106,10,96,427,6462,72.9999999999999968,41,4,0
aggressive-v3,aggressive-v3,A,4,early,early,12,14,107,0,107,389,6829,76.9999999999999973,45,5,0
aggressive-v3,aggressive-v3,A,4,early,early,13,14,98,1,97,196,6218,69.3333333333333311,42,5,0
aggressive-v3,aggressive-v3,A,4,early,early,14,14,69,1,68,87,4740,47.3333333333333315,30,0,0
aggressive-v3,aggressive-v3,A,4,early,middle,5,14,1,0,1,9,49,0.6666666666666666,0,0,0
aggressive-v3,aggressive-v3,A,4,early,middle,6,14,5,0,5,35,329,4.3333333333333333,3,1,0
aggressive-v3,aggressive-v3,A,4,early,middle,7,14,18,0,18,123,1165,14.3333333333333328,9,0,0
aggressive-v3,aggressive-v3,A,4,early,middle,8,14,43,1,42,229,2574,29.3333333333333322,16,2,0
aggressive-v3,aggressive-v3,A,4,early,middle,9,14,60,4,56,310,3592,41.3333333333333315,22,0,0
aggressive-v3,aggressive-v3,A,4,late,late,0,14,110,0,110,365,6830,75.9999999999999970,44,4,0
aggressive-v3,aggressive-v3,A,4,late,late,1,14,95,14,81,323,6051,64.9999999999999974,36,4,0
aggressive-v3,aggressive-v3,A,4,late,late,2,14,95,19,76,345,5680,60.6666666666666647,34,6,0
aggressive-v3,aggressive-v3,A,4,late,late,3,14,57,7,50,183,4038,45.3333333333333324,34,1,0
aggressive-v3,aggressive-v3,A,4,late,late,4,14,39,8,31,92,2473,27.6666666666666657,16,2,0
aggressive-v3,aggressive-v3,A,4,late,middle,5,14,20,2,18,50,1287,12.6666666666666661,7,0,0
aggressive-v3,aggressive-v3,A,4,late,middle,6,14,8,2,6,15,471,4.3333333333333331,2,0,0
aggressive-v3,aggressive-v3,A,4,late,middle,7,14,1,0,1,0,49,0.6666666666666666,0,0,0
aggressive-v3,aggressive-v3,A,4,middle,early,10,14,32,8,24,91,2373,21.9999999999999997,19,0,0
aggressive-v3,aggressive-v3,A,4,middle,early,11,14,9,0,9,31,775,7.3333333333333331,5,0,0
aggressive-v3,aggressive-v3,A,4,middle,early,12,14,4,1,3,8,420,4.0,4,0,0
aggressive-v3,aggressive-v3,A,4,middle,late,0,14,19,0,19,66,1123,13.3333333333333328,8,0,0
aggressive-v3,aggressive-v3,A,4,middle,late,1,14,32,2,30,136,1836,19.6666666666666659,12,0,0
aggressive-v3,aggressive-v3,A,4,middle,late,2,14,60,5,55,262,3732,42.3333333333333314,22,2,0
aggressive-v3,aggressive-v3,A,4,middle,late,3,14,96,9,87,431,5820,67.9999999999999972,39,1,0
aggressive-v3,aggressive-v3,A,4,middle,late,4,14,112,8,104,475,6949,82.9999999999999972,46,9,0
aggressive-v3,aggressive-v3,A,4,middle,middle,5,14,157,12,145,648,9909,113.6666666666666625,69,4,0
aggressive-v3,aggressive-v3,A,4,middle,middle,6,14,150,10,140,549,9882,113.3333333333333297,73,7,0
aggressive-v3,aggressive-v3,A,4,middle,middle,7,14,130,11,119,462,7923,92.9999999999999966,50,8,0
aggressive-v3,aggressive-v3,A,4,middle,middle,8,14,111,8,103,395,7378,77.9999999999999976,54,1,0
aggressive-v3,aggressive-v3,A,4,middle,middle,9,14,89,10,79,292,5497,61.9999999999999974,33,4,0
aggressive-v3,aggressive-v3,A,5,early,early,10,15,79,2,77,336,3933,56.50,27,2,0
aggressive-v3,aggressive-v3,A,5,early,early,11,15,111,11,100,415,5611,77.75,37,0,0
aggressive-v3,aggressive-v3,A,5,early,early,12,15,134,12,122,431,6957,99.25,54,4,0
aggressive-v3,aggressive-v3,A,5,early,early,13,15,154,0,154,436,8310,113.25,59,0,0
aggressive-v3,aggressive-v3,A,5,early,early,14,15,120,0,120,204,7085,97.25,57,3,0
aggressive-v3,aggressive-v3,A,5,early,early,15,15,82,1,81,122,4859,66.25,39,0,0
aggressive-v3,aggressive-v3,A,5,early,middle,7,15,2,0,2,12,89,1.5,1,0,0
aggressive-v3,aggressive-v3,A,5,early,middle,8,15,19,0,19,99,810,12.75,7,0,0
aggressive-v3,aggressive-v3,A,5,early,middle,9,15,35,4,31,153,1675,27.50,16,1,0
aggressive-v3,aggressive-v3,A,5,late,early,10,15,1,0,1,1,45,1.0,1,0,0
aggressive-v3,aggressive-v3,A,5,late,late,0,15,139,3,136,398,7418,103.50,53,2,0
aggressive-v3,aggressive-v3,A,5,late,late,1,15,134,21,113,433,7198,101.50,55,3,0
aggressive-v3,aggressive-v3,A,5,late,late,2,15,107,21,86,330,5867,81.50,45,1,0
aggressive-v3,aggressive-v3,A,5,late,late,3,15,93,12,81,302,5144,68.75,37,0,0
aggressive-v3,aggressive-v3,A,5,late,late,4,15,57,6,51,173,3210,43.75,23,0,0
aggressive-v3,aggressive-v3,A,5,late,middle,5,15,31,5,26,81,1896,26.00,16,0,0
aggressive-v3,aggressive-v3,A,5,late,middle,6,15,20,3,17,50,1081,14.25,6,0,0
aggressive-v3,aggressive-v3,A,5,late,middle,7,15,12,1,11,40,610,8.50,4,0,0
aggressive-v3,aggressive-v3,A,5,late,middle,8,15,2,0,2,2,103,1.50,0,0,0
aggressive-v3,aggressive-v3,A,5,late,middle,9,15,2,1,1,3,69,1.0,1,0,0
aggressive-v3,aggressive-v3,A,5,middle,early,10,15,102,8,94,316,5984,79.50,44,2,0
aggressive-v3,aggressive-v3,A,5,middle,early,11,15,56,5,51,144,2976,40.25,18,0,0
aggressive-v3,aggressive-v3,A,5,middle,early,12,15,27,6,21,54,1729,23.25,17,0,0
aggressive-v3,aggressive-v3,A,5,middle,early,13,15,2,0,2,3,175,2.0,2,0,0
aggressive-v3,aggressive-v3,A,5,middle,late,0,15,9,0,9,40,391,6.00,4,0,0
aggressive-v3,aggressive-v3,A,5,middle,late,1,15,19,1,18,64,896,14.00,7,1,0
aggressive-v3,aggressive-v3,A,5,middle,late,2,15,52,3,49,209,2489,36.75,16,1,0
aggressive-v3,aggressive-v3,A,5,middle,late,3,15,78,14,64,290,3587,52.75,26,3,0
aggressive-v3,aggressive-v3,A,5,middle,late,4,15,119,17,102,431,6141,91.25,50,3,0
aggressive-v3,aggressive-v3,A,5,middle,middle,5,15,140,11,129,489,7063,94.50,40,0,0
aggressive-v3,aggressive-v3,A,5,middle,middle,6,15,157,8,149,587,8537,120.50,68,2,0
aggressive-v3,aggressive-v3,A,5,middle,middle,7,15,155,10,145,544,8181,115.50,62,1,0
aggressive-v3,aggressive-v3,A,5,middle,middle,8,15,162,13,149,547,9279,129.75,81,3,0
aggressive-v3,aggressive-v3,A,5,middle,middle,9,15,125,11,114,390,7154,95.25,48,1,0
aggressive-v3,aggressive-v3,B,3,early,early,10,15,58,5,53,248,4602,42.0,32,1,0
aggressive-v3,aggressive-v3,B,3,early,early,11,15,66,3,63,243,5296,46.0,32,1,0
aggressive-v3,aggressive-v3,B,3,early,early,12,15,96,5,91,347,7905,71.0,56,2,0
aggressive-v3,aggressive-v3,B,3,early,early,13,15,104,0,104,322,8775,76.0,55,2,0
aggressive-v3,aggressive-v3,B,3,early,early,14,15,72,1,71,142,6172,58.0,46,1,0
aggressive-v3,aggressive-v3,B,3,early,early,15,15,48,0,48,64,4661,42.5,36,1,0
aggressive-v3,aggressive-v3,B,3,early,middle,7,15,2,0,2,13,159,1.0,1,0,0
aggressive-v3,aggressive-v3,B,3,early,middle,8,15,8,0,8,36,596,7.0,5,1,0
aggressive-v3,aggressive-v3,B,3,early,middle,9,15,27,1,26,133,2013,18.5,14,1,0
aggressive-v3,aggressive-v3,B,3,late,late,0,15,92,3,89,293,7549,66.5,49,2,0
aggressive-v3,aggressive-v3,B,3,late,late,1,15,86,17,69,238,7280,68.5,54,1,0
aggressive-v3,aggressive-v3,B,3,late,late,2,15,86,12,74,277,7042,59.0,40,1,0
aggressive-v3,aggressive-v3,B,3,late,late,3,15,61,11,50,190,5213,45.5,37,0,0
aggressive-v3,aggressive-v3,B,3,late,late,4,15,56,8,48,232,4483,41.0,29,5,0
aggressive-v3,aggressive-v3,B,3,late,middle,5,15,21,1,20,67,2021,14.5,13,0,0
aggressive-v3,aggressive-v3,B,3,late,middle,6,15,20,0,20,60,1875,17.0,15,0,0
aggressive-v3,aggressive-v3,B,3,late,middle,7,15,8,0,8,26,730,7.0,6,0,0
aggressive-v3,aggressive-v3,B,3,late,middle,8,15,2,0,2,1,199,1.5,1,0,0
aggressive-v3,aggressive-v3,B,3,late,middle,9,15,1,0,1,1,76,1.0,1,0,0
aggressive-v3,aggressive-v3,B,3,middle,early,10,15,70,4,66,214,6239,51.0,37,1,0
aggressive-v3,aggressive-v3,B,3,middle,early,11,15,42,0,42,102,3929,37.0,33,0,0
aggressive-v3,aggressive-v3,B,3,middle,early,12,15,18,3,15,47,1553,15.5,14,0,0
aggressive-v3,aggressive-v3,B,3,middle,early,13,15,7,0,7,19,606,6.0,5,0,0
aggressive-v3,aggressive-v3,B,3,middle,early,14,15,1,0,1,1,76,1.0,1,0,0
aggressive-v3,aggressive-v3,B,3,middle,late,1,15,14,3,11,42,932,8.5,6,1,0
aggressive-v3,aggressive-v3,B,3,middle,late,2,15,34,2,32,135,2685,22.0,14,0,0
aggressive-v3,aggressive-v3,B,3,middle,late,3,15,42,4,38,184,3336,32.5,24,3,0
aggressive-v3,aggressive-v3,B,3,middle,late,4,15,62,2,60,248,5339,50.0,39,1,0
aggressive-v3,aggressive-v3,B,3,middle,middle,5,15,91,4,87,340,7158,64.0,50,2,0
aggressive-v3,aggressive-v3,B,3,middle,middle,6,15,108,7,101,387,9116,85.5,64,5,0
aggressive-v3,aggressive-v3,B,3,middle,middle,7,15,127,12,115,448,10609,95.0,73,3,0
aggressive-v3,aggressive-v3,B,3,middle,middle,8,15,101,7,94,331,8960,78.5,61,3,0
aggressive-v3,aggressive-v3,B,3,middle,middle,9,15,90,9,81,285,7885,71.0,60,1,0
aggressive-v3,aggressive-v3,B,4,early,early,10,14,93,10,83,341,5148,63.3333333333333309,33,6,0
aggressive-v3,aggressive-v3,B,4,early,early,11,14,110,15,95,346,6132,76.3333333333333303,43,8,0
aggressive-v3,aggressive-v3,B,4,early,early,12,14,134,0,134,410,7927,98.3333333333333298,61,5,0
aggressive-v3,aggressive-v3,B,4,early,early,13,14,127,4,123,190,7740,97.9999999999999963,65,3,0
aggressive-v3,aggressive-v3,B,4,early,early,14,14,47,0,47,60,2883,32.9999999999999986,20,0,0
aggressive-v3,aggressive-v3,B,4,early,middle,6,14,4,0,4,34,166,1.3333333333333332,0,0,0
aggressive-v3,aggressive-v3,B,4,early,middle,7,14,12,0,12,62,607,8.6666666666666662,4,0,0
aggressive-v3,aggressive-v3,B,4,early,middle,8,14,35,3,32,165,1709,22.9999999999999991,12,2,0
aggressive-v3,aggressive-v3,B,4,early,middle,9,14,42,0,42,201,2057,27.3333333333333321,14,1,0
aggressive-v3,aggressive-v3,B,4,late,late,0,14,118,0,118,425,6512,79.9999999999999971,45,6,0
aggressive-v3,aggressive-v3,B,4,late,late,1,14,119,25,94,371,6748,82.6666666666666641,46,11,0
aggressive-v3,aggressive-v3,B,4,late,late,2,14,99,17,82,318,5620,71.3333333333333303,36,2,0
aggressive-v3,aggressive-v3,B,4,late,late,3,14,55,4,51,237,3215,40.9999999999999990,26,5,0
aggressive-v3,aggressive-v3,B,4,late,late,4,14,42,7,35,138,2481,31.3333333333333323,19,2,0
aggressive-v3,aggressive-v3,B,4,late,middle,5,14,27,3,24,96,1738,21.9999999999999993,14,1,0
aggressive-v3,aggressive-v3,B,4,late,middle,6,14,9,2,7,25,553,8.3333333333333332,5,2,0
aggressive-v3,aggressive-v3,B,4,late,middle,7,14,7,0,7,12,510,6.3333333333333332,4,1,0
aggressive-v3,aggressive-v3,B,4,late,middle,8,14,1,0,1,0,49,0.6666666666666666,0,0,0
aggressive-v3,aggressive-v3,B,4,middle,early,10,14,58,5,53,171,3715,46.3333333333333318,31,1,0
aggressive-v3,aggressive-v3,B,4,middle,early,11,14,27,3,24,66,2049,24.6666666666666662,20,0,0
aggressive-v3,aggressive-v3,B,4,middle,early,12,14,7,1,6,12,445,5.9999999999999998,4,0,0
aggressive-v3,aggressive-v3,B,4,middle,late,0,14,10,0,10,35,615,8.3333333333333331,6,0,0
aggressive-v3,aggressive-v3,B,4,middle,late,1,14,28,1,27,119,1537,18.6666666666666662,13,1,0
aggressive-v3,aggressive-v3,B,4,middle,late,2,14,52,5,47,226,2441,31.9999999999999985,15,1,0
aggressive-v3,aggressive-v3,B,4,middle,late,3,14,89,11,78,349,4969,60.9999999999999977,33,4,0
aggressive-v3,aggressive-v3,B,4,middle,late,4,14,100,14,86,408,5096,64.9999999999999972,35,1,0
aggressive-v3,aggressive-v3,B,4,middle,middle,5,14,147,8,139,520,8406,101.6666666666666635,63,6,0
aggressive-v3,aggressive-v3,B,4,middle,middle,6,14,145,9,136,541,8210,99.9999999999999956,56,1,0
aggressive-v3,aggressive-v3,B,4,middle,middle,7,14,143,14,129,488,8337,112.9999999999999966,72,10,0
aggressive-v3,aggressive-v3,B,4,middle,middle,8,14,126,9,117,453,7590,95.6666666666666640,62,8,0
aggressive-v3,aggressive-v3,B,4,middle,middle,9,14,90,10,80,253,5219,60.3333333333333309,25,10,0
aggressive-v3,aggressive-v3,B,5,early,early,10,15,64,3,61,296,2954,46.25,20,3,0
aggressive-v3,aggressive-v3,B,5,early,early,11,15,111,11,100,358,5298,79.25,28,3,0
aggressive-v3,aggressive-v3,B,5,early,early,12,15,123,10,113,398,5990,91.75,44,4,0
aggressive-v3,aggressive-v3,B,5,early,early,13,15,147,1,146,451,7285,111.50,47,6,0
aggressive-v3,aggressive-v3,B,5,early,early,14,15,134,1,133,238,7150,106.75,59,0,0
aggressive-v3,aggressive-v3,B,5,early,early,15,15,86,1,85,113,4694,71.25,39,4,0
aggressive-v3,aggressive-v3,B,5,early,middle,5,15,1,0,1,5,58,1.0,1,0,0
aggressive-v3,aggressive-v3,B,5,early,middle,6,15,1,0,1,7,43,1.0,1,0,0
aggressive-v3,aggressive-v3,B,5,early,middle,7,15,8,0,8,42,369,6.50,2,0,0
aggressive-v3,aggressive-v3,B,5,early,middle,8,15,22,0,22,113,858,12.00,1,0,0
aggressive-v3,aggressive-v3,B,5,early,middle,9,15,47,0,47,241,2180,32.50,10,0,0
aggressive-v3,aggressive-v3,B,5,late,late,0,15,136,0,136,403,6693,101.75,43,4,0
aggressive-v3,aggressive-v3,B,5,late,late,1,15,143,25,118,408,7229,107.00,55,1,0
aggressive-v3,aggressive-v3,B,5,late,late,2,15,112,14,98,358,5762,89.00,44,6,0
aggressive-v3,aggressive-v3,B,5,late,late,3,15,75,14,61,266,3842,59.25,30,2,0
aggressive-v3,aggressive-v3,B,5,late,late,4,15,65,7,58,233,3491,52.75,27,0,0
aggressive-v3,aggressive-v3,B,5,late,middle,5,15,38,6,32,101,2028,28.75,16,0,0
aggressive-v3,aggressive-v3,B,5,late,middle,6,15,30,2,28,114,1712,25.25,14,0,0
aggressive-v3,aggressive-v3,B,5,late,middle,7,15,9,1,8,17,527,7.00,3,0,0
aggressive-v3,aggressive-v3,B,5,late,middle,8,15,2,0,2,10,117,2.0,2,0,0
aggressive-v3,aggressive-v3,B,5,middle,early,10,15,95,6,89,310,4979,74.50,37,3,0
aggressive-v3,aggressive-v3,B,5,middle,early,11,15,48,10,38,127,2695,39.75,20,1,0
aggressive-v3,aggressive-v3,B,5,middle,early,12,15,28,3,25,69,1688,25.75,20,0,0
aggressive-v3,aggressive-v3,B,5,middle,early,13,15,5,1,4,16,238,3.75,2,0,0
aggressive-v3,aggressive-v3,B,5,middle,early,14,15,2,0,2,3,94,1.25,1,0,0
aggressive-v3,aggressive-v3,B,5,middle,late,0,15,14,0,14,49,628,9.25,5,1,0
aggressive-v3,aggressive-v3,B,5,middle,late,1,15,31,5,26,120,1303,19.50,6,0,0
aggressive-v3,aggressive-v3,B,5,middle,late,2,15,44,5,39,185,2016,32.50,12,2,0
aggressive-v3,aggressive-v3,B,5,middle,late,3,15,85,10,75,308,3955,58.75,19,1,0
aggressive-v3,aggressive-v3,B,5,middle,late,4,15,106,12,94,393,4831,74.75,22,4,0
aggressive-v3,aggressive-v3,B,5,middle,middle,5,15,147,14,133,567,6924,106.25,41,5,0
aggressive-v3,aggressive-v3,B,5,middle,middle,6,15,132,8,124,478,6253,91.75,33,2,0
aggressive-v3,aggressive-v3,B,5,middle,middle,7,15,193,19,174,598,9524,144.25,64,7,0
aggressive-v3,aggressive-v3,B,5,middle,middle,8,15,156,17,139,546,8200,124.75,60,5,0
aggressive-v3,aggressive-v3,B,5,middle,middle,9,15,98,11,87,315,5130,77.00,43,2,0
aggressive-v3,aggressive-v3,C,3,early,early,10,15,50,2,48,202,3595,38.0,30,0,0
aggressive-v3,aggressive-v3,C,3,early,early,11,15,72,7,65,257,4766,48.0,33,2,0
aggressive-v3,aggressive-v3,C,3,early,early,12,15,75,2,73,200,5136,50.5,36,0,0
aggressive-v3,aggressive-v3,C,3,early,early,13,15,104,1,103,284,6831,67.0,42,1,0
aggressive-v3,aggressive-v3,C,3,early,early,14,15,67,2,65,105,4575,48.0,39,0,0
aggressive-v3,aggressive-v3,C,3,early,early,15,15,58,0,58,100,4183,43.5,32,2,0
aggressive-v3,aggressive-v3,C,3,early,middle,7,15,4,0,4,23,254,2.0,1,0,0
aggressive-v3,aggressive-v3,C,3,early,middle,8,15,11,0,11,46,751,7.5,6,0,0
aggressive-v3,aggressive-v3,C,3,early,middle,9,15,41,3,38,159,2728,27.0,20,0,0
aggressive-v3,aggressive-v3,C,3,late,late,0,15,85,2,83,313,5716,58.0,43,1,0
aggressive-v3,aggressive-v3,C,3,late,late,1,15,76,14,62,260,5174,56.5,44,2,0
aggressive-v3,aggressive-v3,C,3,late,late,2,15,75,14,61,303,5234,51.5,39,2,0
aggressive-v3,aggressive-v3,C,3,late,late,3,15,70,15,55,212,4723,47.5,36,0,0
aggressive-v3,aggressive-v3,C,3,late,late,4,15,39,4,35,107,2681,27.5,20,2,0
aggressive-v3,aggressive-v3,C,3,late,middle,5,15,22,3,19,57,1491,16.0,10,2,0
aggressive-v3,aggressive-v3,C,3,late,middle,6,15,14,4,10,64,1010,10.0,9,0,0
aggressive-v3,aggressive-v3,C,3,late,middle,7,15,3,0,3,9,176,1.5,1,0,0
aggressive-v3,aggressive-v3,C,3,late,middle,8,15,1,0,1,1,60,1.0,1,0,0
aggressive-v3,aggressive-v3,C,3,middle,early,10,15,82,10,72,278,5651,55.0,35,2,0
aggressive-v3,aggressive-v3,C,3,middle,early,11,15,32,4,28,120,2139,23.5,19,0,0
aggressive-v3,aggressive-v3,C,3,middle,early,12,15,12,2,10,31,865,7.0,5,0,0
aggressive-v3,aggressive-v3,C,3,middle,early,13,15,6,0,6,9,376,4.0,3,0,0
aggressive-v3,aggressive-v3,C,3,middle,early,14,15,1,0,1,0,61,0.5,0,0,0
aggressive-v3,aggressive-v3,C,3,middle,early,15,15,1,0,1,0,73,1.0,1,0,0
aggressive-v3,aggressive-v3,C,3,middle,late,0,15,8,0,8,22,508,4.5,1,0,0
aggressive-v3,aggressive-v3,C,3,middle,late,1,15,14,2,12,38,835,8.0,3,0,0
aggressive-v3,aggressive-v3,C,3,middle,late,2,15,39,4,35,146,2615,27.5,21,0,0
aggressive-v3,aggressive-v3,C,3,middle,late,3,15,38,9,29,162,2474,26.5,21,0,0
aggressive-v3,aggressive-v3,C,3,middle,late,4,15,91,9,82,373,6168,60.0,39,0,0
aggressive-v3,aggressive-v3,C,3,middle,middle,5,15,94,11,83,379,6425,67.0,53,1,0
aggressive-v3,aggressive-v3,C,3,middle,middle,6,15,114,12,102,384,7787,80.5,55,2,0
aggressive-v3,aggressive-v3,C,3,middle,middle,7,15,88,3,85,299,6329,62.5,45,1,0
aggressive-v3,aggressive-v3,C,3,middle,middle,8,15,108,8,100,374,7693,79.5,62,3,0
aggressive-v3,aggressive-v3,C,3,middle,middle,9,15,73,6,67,198,5082,51.5,40,0,0
aggressive-v3,aggressive-v3,C,4,early,early,10,14,98,8,90,400,5306,67.9999999999999977,45,0,0
aggressive-v3,aggressive-v3,C,4,early,early,11,14,93,6,87,275,5289,68.9999999999999981,48,1,0
aggressive-v3,aggressive-v3,C,4,early,early,12,14,145,0,145,383,7724,96.6666666666666630,57,4,0
aggressive-v3,aggressive-v3,C,4,early,early,13,14,93,0,93,139,4976,64.3333333333333307,38,0,0
aggressive-v3,aggressive-v3,C,4,early,early,14,14,51,1,50,61,3041,33.3333333333333320,20,0,0
aggressive-v3,aggressive-v3,C,4,early,middle,5,14,1,0,1,11,52,1.0,1,0,0
aggressive-v3,aggressive-v3,C,4,early,middle,6,14,1,0,1,4,43,0.6666666666666666,0,0,0
aggressive-v3,aggressive-v3,C,4,early,middle,7,14,20,0,20,112,957,11.3333333333333328,6,0,0
aggressive-v3,aggressive-v3,C,4,early,middle,8,14,45,3,42,164,2158,24.9999999999999989,15,0,0
aggressive-v3,aggressive-v3,C,4,early,middle,9,14,57,1,56,239,2905,36.9999999999999987,22,0,0
aggressive-v3,aggressive-v3,C,4,late,late,0,14,110,1,109,407,5927,74.3333333333333306,45,2,0
aggressive-v3,aggressive-v3,C,4,late,late,1,14,88,19,69,296,4846,61.9999999999999976,37,1,0
aggressive-v3,aggressive-v3,C,4,late,late,2,14,70,15,55,203,3879,46.3333333333333313,26,0,0
aggressive-v3,aggressive-v3,C,4,late,late,3,14,68,15,53,224,3624,44.3333333333333314,23,1,0
aggressive-v3,aggressive-v3,C,4,late,late,4,14,42,6,36,158,2227,24.6666666666666656,14,0,0
aggressive-v3,aggressive-v3,C,4,late,middle,5,14,17,0,17,50,908,9.3333333333333328,4,0,0
aggressive-v3,aggressive-v3,C,4,late,middle,6,14,5,0,5,4,308,3.6666666666666665,2,0,0
aggressive-v3,aggressive-v3,C,4,middle,early,10,14,34,3,31,89,2057,23.3333333333333324,13,1,0
aggressive-v3,aggressive-v3,C,4,middle,early,11,14,18,0,18,60,844,10.6666666666666662,5,1,0
aggressive-v3,aggressive-v3,C,4,middle,early,12,14,4,0,4,9,185,2.3333333333333331,0,0,0
aggressive-v3,aggressive-v3,C,4,middle,early,13,14,2,0,2,4,128,2.0,2,0,0
aggressive-v3,aggressive-v3,C,4,middle,late,0,14,19,0,19,89,952,11.9999999999999996,8,0,0
aggressive-v3,aggressive-v3,C,4,middle,late,1,14,32,6,26,114,1558,21.6666666666666662,17,0,0
aggressive-v3,aggressive-v3,C,4,middle,late,2,14,65,7,58,249,3471,40.6666666666666651,25,0,0
aggressive-v3,aggressive-v3,C,4,middle,late,3,14,100,8,92,375,5461,70.9999999999999978,49,1,0
aggressive-v3,aggressive-v3,C,4,middle,late,4,14,120,18,102,449,6448,78.9999999999999969,48,0,0
aggressive-v3,aggressive-v3,C,4,middle,middle,5,14,121,9,112,456,6529,85.9999999999999967,53,1,0
aggressive-v3,aggressive-v3,C,4,middle,middle,6,14,152,13,139,540,8400,108.3333333333333297,72,2,0
aggressive-v3,aggressive-v3,C,4,middle,middle,7,14,148,12,136,540,8283,104.9999999999999963,68,1,0
aggressive-v3,aggressive-v3,C,4,middle,middle,8,14,102,13,89,321,5525,66.6666666666666640,40,0,0
aggressive-v3,aggressive-v3,C,4,middle,middle,9,14,82,10,72,258,4740,60.3333333333333316,42,1,0
aggressive-v3,aggressive-v3,C,5,early,early,10,15,71,6,65,238,3089,52.00,28,1,0
aggressive-v3,aggressive-v3,C,5,early,early,11,15,114,8,106,364,4760,76.00,34,2,0
aggressive-v3,aggressive-v3,C,5,early,early,12,15,135,7,128,383,6011,99.50,47,3,0
aggressive-v3,aggressive-v3,C,5,early,early,13,15,154,0,154,370,6946,113.00,63,5,0
aggressive-v3,aggressive-v3,C,5,early,early,14,15,129,0,129,167,6381,101.50,58,2,0
aggressive-v3,aggressive-v3,C,5,early,early,15,15,64,2,62,91,3081,45.75,28,1,0
aggressive-v3,aggressive-v3,C,5,early,middle,6,15,2,0,2,15,75,1.75,1,0,0
aggressive-v3,aggressive-v3,C,5,early,middle,7,15,7,0,7,29,258,5.0,3,0,0
aggressive-v3,aggressive-v3,C,5,early,middle,8,15,26,1,25,107,963,18.25,7,1,0
aggressive-v3,aggressive-v3,C,5,early,middle,9,15,35,1,34,155,1378,24.75,13,1,0
aggressive-v3,aggressive-v3,C,5,late,late,0,15,142,3,139,449,6350,100.75,51,3,0
aggressive-v3,aggressive-v3,C,5,late,late,1,15,159,31,128,438,7005,114.75,60,2,0
aggressive-v3,aggressive-v3,C,5,late,late,2,15,118,23,95,388,5258,80.25,38,7,0
aggressive-v3,aggressive-v3,C,5,late,late,3,15,97,20,77,314,4682,76.00,43,3,0
aggressive-v3,aggressive-v3,C,5,late,late,4,15,63,8,55,175,3006,46.50,27,2,0
aggressive-v3,aggressive-v3,C,5,late,middle,5,15,47,9,38,139,2462,39.25,26,1,0
aggressive-v3,aggressive-v3,C,5,late,middle,6,15,22,5,17,49,1152,17.50,7,1,0
aggressive-v3,aggressive-v3,C,5,late,middle,7,15,12,1,11,28,599,10.75,8,0,0
aggressive-v3,aggressive-v3,C,5,late,middle,8,15,6,2,4,8,277,4.25,1,0,0
aggressive-v3,aggressive-v3,C,5,middle,early,10,15,83,13,70,227,3769,59.00,29,1,0
aggressive-v3,aggressive-v3,C,5,middle,early,11,15,47,5,42,119,2526,36.25,20,0,0
aggressive-v3,aggressive-v3,C,5,middle,early,12,15,21,5,16,46,1162,18.50,11,2,0
aggressive-v3,aggressive-v3,C,5,middle,early,13,15,7,0,7,17,418,6.00,3,0,0
aggressive-v3,aggressive-v3,C,5,middle,late,0,15,11,1,10,29,437,9.75,8,0,0
aggressive-v3,aggressive-v3,C,5,middle,late,1,15,24,4,20,104,867,17.25,8,0,0
aggressive-v3,aggressive-v3,C,5,middle,late,2,15,47,5,42,186,1771,29.25,13,0,0
aggressive-v3,aggressive-v3,C,5,middle,late,3,15,79,7,72,328,3209,57.00,29,0,0
aggressive-v3,aggressive-v3,C,5,middle,late,4,15,101,15,86,343,4308,70.25,38,2,0
aggressive-v3,aggressive-v3,C,5,middle,middle,5,15,142,15,127,508,6050,100.50,52,0,0
aggressive-v3,aggressive-v3,C,5,middle,middle,6,15,155,23,132,476,6625,108.00,48,6,0
aggressive-v3,aggressive-v3,C,5,middle,middle,7,15,174,12,162,590,8135,135.75,81,1,0
aggressive-v3,aggressive-v3,C,5,middle,middle,8,15,149,19,130,440,6877,111.75,58,6,0
aggressive-v3,aggressive-v3,C,5,middle,middle,9,15,134,14,120,404,6782,106.25,67,5,0
aggressive-v3,aggressive-v3,D,3,early,early,10,15,42,0,42,223,3963,28.0,22,0,0
aggressive-v3,aggressive-v3,D,3,early,early,11,15,82,4,78,364,7925,61.0,52,0,0
aggressive-v3,aggressive-v3,D,3,early,early,12,15,81,4,77,331,7756,59.5,45,0,0
aggressive-v3,aggressive-v3,D,3,early,early,13,15,84,0,84,353,8529,66.5,56,1,0
aggressive-v3,aggressive-v3,D,3,early,early,14,15,90,0,90,241,8893,69.5,61,1,0
aggressive-v3,aggressive-v3,D,3,early,early,15,15,61,2,59,103,5946,47.0,36,3,0
aggressive-v3,aggressive-v3,D,3,early,middle,7,15,2,0,2,11,231,2.0,2,0,0
aggressive-v3,aggressive-v3,D,3,early,middle,8,15,17,0,17,108,1713,14.5,13,0,0
aggressive-v3,aggressive-v3,D,3,early,middle,9,15,31,0,31,173,2982,25.0,22,0,0
aggressive-v3,aggressive-v3,D,3,late,late,0,15,84,2,82,283,8106,61.5,49,1,0
aggressive-v3,aggressive-v3,D,3,late,late,1,15,81,17,64,249,7680,59.0,47,1,0
aggressive-v3,aggressive-v3,D,3,late,late,2,15,76,13,63,236,7384,52.0,38,0,0
aggressive-v3,aggressive-v3,D,3,late,late,3,15,61,6,55,245,5650,41.0,33,2,0
aggressive-v3,aggressive-v3,D,3,late,late,4,15,42,3,39,137,3796,25.0,19,0,0
aggressive-v3,aggressive-v3,D,3,late,middle,5,15,34,2,32,109,3149,21.5,14,2,0
aggressive-v3,aggressive-v3,D,3,late,middle,6,15,10,0,10,17,1119,8.5,7,0,0
aggressive-v3,aggressive-v3,D,3,late,middle,7,15,6,0,6,12,543,4.5,1,2,0
aggressive-v3,aggressive-v3,D,3,late,middle,8,15,1,0,1,6,106,1.0,1,0,0
aggressive-v3,aggressive-v3,D,3,late,middle,9,15,1,0,1,3,106,1.0,1,0,0
aggressive-v3,aggressive-v3,D,3,middle,early,10,15,79,10,69,237,7879,58.0,43,3,0
aggressive-v3,aggressive-v3,D,3,middle,early,11,15,33,6,27,103,3250,26.0,20,2,0
aggressive-v3,aggressive-v3,D,3,middle,early,12,15,13,0,13,44,1305,11.0,7,3,0
aggressive-v3,aggressive-v3,D,3,middle,early,13,15,5,0,5,13,410,2.0,1,0,0
aggressive-v3,aggressive-v3,D,3,middle,early,14,15,1,0,1,0,106,1.0,1,0,0
aggressive-v3,aggressive-v3,D,3,middle,late,0,15,7,0,7,14,745,7.0,7,0,0
aggressive-v3,aggressive-v3,D,3,middle,late,1,15,20,1,19,69,1944,18.0,17,0,0
aggressive-v3,aggressive-v3,D,3,middle,late,2,15,26,1,25,109,2519,21.0,18,0,0
aggressive-v3,aggressive-v3,D,3,middle,late,3,15,52,6,46,198,5041,44.0,39,0,0
aggressive-v3,aggressive-v3,D,3,middle,late,4,15,73,10,63,289,7087,53.5,44,0,0
aggressive-v3,aggressive-v3,D,3,middle,middle,5,15,84,4,80,358,8022,63.5,55,0,0
aggressive-v3,aggressive-v3,D,3,middle,middle,6,15,125,6,119,468,12732,97.0,85,0,0
aggressive-v3,aggressive-v3,D,3,middle,middle,7,15,101,6,95,381,10367,79.5,65,0,0
aggressive-v3,aggressive-v3,D,3,middle,middle,8,15,116,8,108,435,11744,89.0,74,1,0
aggressive-v3,aggressive-v3,D,3,middle,middle,9,15,91,8,83,287,8990,67.0,55,0,0
aggressive-v3,aggressive-v3,D,4,early,early,10,14,83,9,74,364,5524,61.9999999999999975,39,0,0
aggressive-v3,aggressive-v3,D,4,early,early,11,14,102,9,93,399,7058,76.9999999999999975,54,0,0
aggressive-v3,aggressive-v3,D,4,early,early,12,14,131,1,130,460,9083,100.6666666666666636,67,0,0
aggressive-v3,aggressive-v3,D,4,early,early,13,14,93,0,93,219,6665,73.3333333333333312,52,0,0
aggressive-v3,aggressive-v3,D,4,early,early,14,14,77,1,76,96,5587,61.3333333333333311,40,0,0
aggressive-v3,aggressive-v3,D,4,early,middle,6,14,6,0,6,38,430,4.9999999999999999,4,0,0
aggressive-v3,aggressive-v3,D,4,early,middle,7,14,21,0,21,133,1334,16.6666666666666660,10,0,0
aggressive-v3,aggressive-v3,D,4,early,middle,8,14,37,1,36,184,2474,28.9999999999999991,20,0,0
aggressive-v3,aggressive-v3,D,4,early,middle,9,14,63,6,57,294,3998,47.3333333333333320,33,0,0
aggressive-v3,aggressive-v3,D,4,late,late,0,14,113,1,112,419,7561,82.9999999999999970,53,0,0
aggressive-v3,aggressive-v3,D,4,late,late,1,14,90,13,77,362,5973,68.3333333333333312,47,0,0
aggressive-v3,aggressive-v3,D,4,late,late,2,14,100,14,86,349,6902,72.9999999999999978,49,0,0
aggressive-v3,aggressive-v3,D,4,late,late,3,14,44,5,39,180,3023,31.6666666666666656,21,0,0
aggressive-v3,aggressive-v3,D,4,late,late,4,14,29,4,25,85,2139,21.9999999999999994,16,0,0
aggressive-v3,aggressive-v3,D,4,late,middle,5,14,31,4,27,79,2341,25.9999999999999993,17,0,0
aggressive-v3,aggressive-v3,D,4,late,middle,6,14,10,0,10,34,853,8.3333333333333330,5,0,0
aggressive-v3,aggressive-v3,D,4,late,middle,7,14,1,0,1,0,78,0.6666666666666666,0,0,0
aggressive-v3,aggressive-v3,D,4,late,middle,8,14,2,0,2,7,199,1.6666666666666666,1,0,0
aggressive-v3,aggressive-v3,D,4,late,middle,9,14,1,0,1,2,114,1.0,1,0,0
aggressive-v3,aggressive-v3,D,4,middle,early,10,14,59,2,57,203,4511,47.6666666666666651,32,0,0
aggressive-v3,aggressive-v3,D,4,middle,early,11,14,22,2,20,71,1661,16.6666666666666659,8,0,0
aggressive-v3,aggressive-v3,D,4,middle,early,12,14,7,0,7,10,538,7.0,7,0,0
aggressive-v3,aggressive-v3,D,4,middle,early,13,14,4,0,4,6,456,4.0,4,0,0
aggressive-v3,aggressive-v3,D,4,middle,late,0,14,10,1,9,32,738,9.6666666666666666,9,0,0
aggressive-v3,aggressive-v3,D,4,middle,late,1,14,40,7,33,132,2750,31.6666666666666654,19,0,0
aggressive-v3,aggressive-v3,D,4,middle,late,2,14,81,14,67,315,5391,66.9999999999999979,46,0,0
aggressive-v3,aggressive-v3,D,4,middle,late,3,14,93,13,80,382,6040,70.3333333333333306,43,0,0
aggressive-v3,aggressive-v3,D,4,middle,late,4,14,115,8,107,511,7591,83.9999999999999973,58,0,0
aggressive-v3,aggressive-v3,D,4,middle,middle,5,14,153,14,139,641,10456,116.3333333333333294,78,0,0
aggressive-v3,aggressive-v3,D,4,middle,middle,6,14,125,9,116,533,8594,98.9999999999999973,73,0,0
aggressive-v3,aggressive-v3,D,4,middle,middle,7,14,139,19,120,470,9459,102.6666666666666636,71,0,0
aggressive-v3,aggressive-v3,D,4,middle,middle,8,14,109,9,100,407,7654,79.6666666666666642,53,0,0
aggressive-v3,aggressive-v3,D,4,middle,middle,9,14,67,5,62,241,4778,52.3333333333333314,33,0,0
aggressive-v3,aggressive-v3,D,5,early,early,10,15,71,6,65,301,4000,54.25,23,3,0
aggressive-v3,aggressive-v3,D,5,early,early,11,15,113,9,104,448,6564,86.00,36,3,0
aggressive-v3,aggressive-v3,D,5,early,early,12,15,153,17,136,498,9427,118.25,50,7,0
aggressive-v3,aggressive-v3,D,5,early,early,13,15,154,1,153,528,9417,119.25,53,8,0
aggressive-v3,aggressive-v3,D,5,early,early,14,15,111,2,109,216,7128,89.25,39,10,0
aggressive-v3,aggressive-v3,D,5,early,early,15,15,70,0,70,100,4690,58.75,35,1,0
aggressive-v3,aggressive-v3,D,5,early,middle,7,15,3,0,3,18,142,1.50,0,0,0
aggressive-v3,aggressive-v3,D,5,early,middle,8,15,22,1,21,129,1128,14.25,5,1,0
aggressive-v3,aggressive-v3,D,5,early,middle,9,15,34,0,34,197,1905,25.25,11,2,0
aggressive-v3,aggressive-v3,D,5,late,late,0,15,142,1,141,347,8573,109.00,47,6,0
aggressive-v3,aggressive-v3,D,5,late,late,1,15,138,19,119,376,8314,109.75,46,6,0
aggressive-v3,aggressive-v3,D,5,late,late,2,15,130,26,104,331,7852,101.00,41,5,0
aggressive-v3,aggressive-v3,D,5,late,late,3,15,84,14,70,244,5201,63.00,26,1,0
aggressive-v3,aggressive-v3,D,5,late,late,4,15,72,15,57,207,4341,56.00,25,3,0
aggressive-v3,aggressive-v3,D,5,late,middle,5,15,42,4,38,132,2921,34.75,18,2,0
aggressive-v3,aggressive-v3,D,5,late,middle,6,15,18,3,15,59,1158,14.25,3,4,0
aggressive-v3,aggressive-v3,D,5,late,middle,7,15,14,0,14,43,940,11.25,2,2,0
aggressive-v3,aggressive-v3,D,5,late,middle,8,15,2,0,2,5,134,1.50,0,0,0
aggressive-v3,aggressive-v3,D,5,late,middle,9,15,1,0,1,0,65,1.0,0,1,0
aggressive-v3,aggressive-v3,D,5,middle,early,10,15,103,9,94,356,6603,81.25,37,2,0
aggressive-v3,aggressive-v3,D,5,middle,early,11,15,49,2,47,142,3253,39.75,18,1,0
aggressive-v3,aggressive-v3,D,5,middle,early,12,15,22,4,18,52,1535,18.25,7,3,0
aggressive-v3,aggressive-v3,D,5,middle,early,13,15,6,0,6,6,422,5.00,2,1,0
aggressive-v3,aggressive-v3,D,5,middle,early,14,15,2,0,2,2,168,1.50,0,0,0
aggressive-v3,aggressive-v3,D,5,middle,late,0,15,7,1,6,22,375,4.75,2,1,0
aggressive-v3,aggressive-v3,D,5,middle,late,1,15,19,2,17,61,1066,13.75,5,1,0
aggressive-v3,aggressive-v3,D,5,middle,late,2,15,45,6,39,159,2357,32.00,15,1,0
aggressive-v3,aggressive-v3,D,5,middle,late,3,15,78,9,69,286,4496,58.50,16,9,0
aggressive-v3,aggressive-v3,D,5,middle,late,4,15,104,11,93,384,5879,74.75,33,0,0
aggressive-v3,aggressive-v3,D,5,middle,middle,5,15,128,7,121,532,7573,100.00,46,5,0
aggressive-v3,aggressive-v3,D,5,middle,middle,6,15,166,11,155,583,9610,128.25,53,11,0
aggressive-v3,aggressive-v3,D,5,middle,middle,7,15,167,16,151,623,10054,126.25,60,6,0
aggressive-v3,aggressive-v3,D,5,middle,middle,8,15,160,16,144,540,10283,127.75,62,6,0
aggressive-v3,aggressive-v3,D,5,middle,middle,9,15,163,18,145,518,10555,133.25,65,12,0
aggressive-v3,aggressive-v3,E,3,early,early,10,15,43,3,40,223,3567,29.0,21,2,0
aggressive-v3,aggressive-v3,E,3,early,early,11,15,77,1,76,337,6935,58.0,45,2,0
aggressive-v3,aggressive-v3,E,3,early,early,12,15,100,9,91,331,8840,81.0,61,8,0
aggressive-v3,aggressive-v3,E,3,early,early,13,15,102,3,99,355,8975,77.0,67,1,0
aggressive-v3,aggressive-v3,E,3,early,early,14,15,73,2,71,145,5981,49.5,35,3,0
aggressive-v3,aggressive-v3,E,3,early,early,15,15,46,0,46,57,4612,39.0,32,0,0
aggressive-v3,aggressive-v3,E,3,early,middle,5,15,1,0,1,8,109,1.0,1,0,0
aggressive-v3,aggressive-v3,E,3,early,middle,6,15,3,0,3,15,259,2.5,2,0,0
aggressive-v3,aggressive-v3,E,3,early,middle,7,15,8,0,8,45,750,7.0,6,0,0
aggressive-v3,aggressive-v3,E,3,early,middle,8,15,7,0,7,43,488,3.5,1,0,0
aggressive-v3,aggressive-v3,E,3,early,middle,9,15,31,3,28,170,2520,24.5,20,1,0
aggressive-v3,aggressive-v3,E,3,late,late,0,15,89,4,85,295,7879,67.0,54,2,0
aggressive-v3,aggressive-v3,E,3,late,late,1,15,92,16,76,291,8449,68.0,54,3,0
aggressive-v3,aggressive-v3,E,3,late,late,2,15,72,17,55,269,6315,49.0,34,1,0
aggressive-v3,aggressive-v3,E,3,late,late,3,15,52,4,48,162,4475,38.0,28,4,0
aggressive-v3,aggressive-v3,E,3,late,late,4,15,37,5,32,100,3321,25.5,17,3,0
aggressive-v3,aggressive-v3,E,3,late,middle,5,15,18,0,18,54,1358,11.5,7,0,0
aggressive-v3,aggressive-v3,E,3,late,middle,6,15,10,2,8,20,721,9.0,8,0,0
aggressive-v3,aggressive-v3,E,3,late,middle,7,15,1,0,1,2,64,1.0,1,0,0
aggressive-v3,aggressive-v3,E,3,middle,early,10,15,64,3,61,207,6137,55.5,47,2,0
aggressive-v3,aggressive-v3,E,3,middle,early,11,15,25,3,22,85,1991,19.5,15,0,0
aggressive-v3,aggressive-v3,E,3,middle,early,12,15,11,0,11,34,1063,8.0,5,0,0
aggressive-v3,aggressive-v3,E,3,middle,early,13,15,3,0,3,0,280,3.0,3,0,0
aggressive-v3,aggressive-v3,E,3,middle,late,0,15,4,0,4,15,228,3.0,0,2,0
aggressive-v3,aggressive-v3,E,3,middle,late,1,15,10,1,9,54,867,8.5,7,0,0
aggressive-v3,aggressive-v3,E,3,middle,late,2,15,21,1,20,95,1971,19.0,18,1,0
aggressive-v3,aggressive-v3,E,3,middle,late,3,15,62,7,55,234,5321,45.0,38,0,0
aggressive-v3,aggressive-v3,E,3,middle,late,4,15,89,7,82,378,7500,62.5,48,3,0
aggressive-v3,aggressive-v3,E,3,middle,middle,5,15,104,6,98,417,9581,83.0,67,4,0
aggressive-v3,aggressive-v3,E,3,middle,middle,6,15,130,12,118,428,11520,96.0,72,6,0
aggressive-v3,aggressive-v3,E,3,middle,middle,7,15,124,7,117,496,11310,87.0,66,2,0
aggressive-v3,aggressive-v3,E,3,middle,middle,8,15,103,4,99,388,9340,80.5,64,6,0
aggressive-v3,aggressive-v3,E,3,middle,middle,9,15,76,3,73,310,6669,55.0,40,2,0
aggressive-v3,aggressive-v3,E,4,early,early,10,14,105,4,101,454,6583,70.9999999999999973,41,2,0
aggressive-v3,aggressive-v3,E,4,early,early,11,14,113,7,106,455,6632,76.6666666666666637,43,2,0
aggressive-v3,aggressive-v3,E,4,early,early,12,14,109,0,109,410,6821,74.6666666666666638,45,1,0
aggressive-v3,aggressive-v3,E,4,early,early,13,14,98,3,95,196,6020,65.3333333333333305,35,2,0
aggressive-v3,aggressive-v3,E,4,early,early,14,14,48,0,48,63,3219,41.6666666666666657,31,3,0
aggressive-v3,aggressive-v3,E,4,early,middle,6,14,5,0,5,35,280,2.9999999999999998,1,0,0
aggressive-v3,aggressive-v3,E,4,early,middle,7,14,16,0,16,81,981,8.3333333333333330,5,0,0
aggressive-v3,aggressive-v3,E,4,early,middle,8,14,41,1,40,225,2577,27.9999999999999986,14,0,0
aggressive-v3,aggressive-v3,E,4,early,middle,9,14,72,6,66,352,3975,44.9999999999999978,19,5,0
aggressive-v3,aggressive-v3,E,4,late,late,0,14,111,4,107,381,6651,72.9999999999999969,39,3,0
aggressive-v3,aggressive-v3,E,4,late,late,1,14,92,13,79,314,5607,58.3333333333333306,27,3,0
aggressive-v3,aggressive-v3,E,4,late,late,2,14,96,18,78,342,5425,58.6666666666666640,32,0,0
aggressive-v3,aggressive-v3,E,4,late,late,3,14,62,13,49,163,3479,39.6666666666666649,17,5,0
aggressive-v3,aggressive-v3,E,4,late,late,4,14,29,4,25,121,1800,21.6666666666666660,15,0,0
aggressive-v3,aggressive-v3,E,4,late,middle,5,14,22,0,22,60,1370,17.9999999999999996,14,0,0
aggressive-v3,aggressive-v3,E,4,late,middle,6,14,7,1,6,19,349,5.3333333333333331,3,0,0
aggressive-v3,aggressive-v3,E,4,late,middle,7,14,1,0,1,5,63,1.0,1,0,0
aggressive-v3,aggressive-v3,E,4,middle,early,10,14,43,10,33,98,2865,33.9999999999999995,28,0,0
aggressive-v3,aggressive-v3,E,4,middle,early,11,14,22,7,15,43,1161,14.6666666666666661,8,0,0
aggressive-v3,aggressive-v3,E,4,middle,early,12,14,4,0,4,5,260,3.3333333333333333,3,0,0
aggressive-v3,aggressive-v3,E,4,middle,late,0,14,12,1,11,42,758,7.9999999999999998,6,0,0
aggressive-v3,aggressive-v3,E,4,middle,late,1,14,37,7,30,111,2179,25.9999999999999990,15,0,0
aggressive-v3,aggressive-v3,E,4,middle,late,2,14,64,7,57,226,3837,39.9999999999999981,20,0,0
aggressive-v3,aggressive-v3,E,4,middle,late,3,14,115,15,100,437,6787,67.6666666666666627,26,1,0
aggressive-v3,aggressive-v3,E,4,middle,late,4,14,121,8,113,473,7350,80.9999999999999966,46,2,0
aggressive-v3,aggressive-v3,E,4,middle,middle,5,14,157,8,149,596,9815,107.9999999999999956,57,8,0
aggressive-v3,aggressive-v3,E,4,middle,middle,6,14,143,7,136,606,9213,98.6666666666666626,57,3,0
aggressive-v3,aggressive-v3,E,4,middle,middle,7,14,118,16,102,417,6888,76.9999999999999970,40,6,0
aggressive-v3,aggressive-v3,E,4,middle,middle,8,14,122,10,112,401,7624,86.9999999999999970,50,7,0
aggressive-v3,aggressive-v3,E,4,middle,middle,9,14,69,8,61,226,4201,54.6666666666666653,37,2,0
aggressive-v3,aggressive-v3,E,5,early,early,10,15,79,6,73,328,4194,54.50,22,0,0
aggressive-v3,aggressive-v3,E,5,early,early,11,15,104,7,97,387,5672,76.25,40,3,0
aggressive-v3,aggressive-v3,E,5,early,early,12,15,110,7,103,375,5894,80.75,41,1,0
aggressive-v3,aggressive-v3,E,5,early,early,13,15,151,0,151,436,8490,115.25,67,1,0
aggressive-v3,aggressive-v3,E,5,early,early,14,15,136,0,136,253,7464,99.75,53,0,0
aggressive-v3,aggressive-v3,E,5,early,early,15,15,80,0,80,110,4719,61.00,32,0,0
aggressive-v3,aggressive-v3,E,5,early,middle,6,15,1,0,1,3,38,0.5,0,0,0
aggressive-v3,aggressive-v3,E,5,early,middle,7,15,10,0,10,49,392,4.00,1,0,0
aggressive-v3,aggressive-v3,E,5,early,middle,8,15,19,1,18,107,1098,13.75,5,0,0
aggressive-v3,aggressive-v3,E,5,early,middle,9,15,46,5,41,208,2160,28.50,13,0,0
aggressive-v3,aggressive-v3,E,5,late,late,0,15,140,5,135,400,7619,101.75,51,1,0
aggressive-v3,aggressive-v3,E,5,late,late,1,15,127,27,100,358,6962,95.00,52,0,0
aggressive-v3,aggressive-v3,E,5,late,late,2,15,124,18,106,397,6804,89.00,41,3,0
aggressive-v3,aggressive-v3,E,5,late,late,3,15,95,9,86,324,5187,70.00,32,1,0
aggressive-v3,aggressive-v3,E,5,late,late,4,15,78,13,65,257,4299,60.25,36,0,0
aggressive-v3,aggressive-v3,E,5,late,middle,5,15,51,11,40,133,2503,39.25,18,0,0
aggressive-v3,aggressive-v3,E,5,late,middle,6,15,34,6,28,92,1974,28.75,16,0,0
aggressive-v3,aggressive-v3,E,5,late,middle,7,15,9,2,7,14,504,6.50,2,0,0
aggressive-v3,aggressive-v3,E,5,late,middle,8,15,5,3,2,6,255,3.50,1,0,0
aggressive-v3,aggressive-v3,E,5,late,middle,9,15,1,0,1,1,55,0.75,0,0,0
aggressive-v3,aggressive-v3,E,5,middle,early,10,15,108,13,95,333,6500,86.75,52,1,0
aggressive-v3,aggressive-v3,E,5,middle,early,11,15,37,0,37,136,2027,26.25,12,0,0
aggressive-v3,aggressive-v3,E,5,middle,early,12,15,19,2,17,43,1026,16.25,10,0,0
aggressive-v3,aggressive-v3,E,5,middle,early,13,15,15,0,15,33,917,12.25,6,0,0
aggressive-v3,aggressive-v3,E,5,middle,early,14,15,1,0,1,3,55,0.75,0,0,0
aggressive-v3,aggressive-v3,E,5,middle,late,0,15,8,0,8,30,414,5.75,3,0,0
aggressive-v3,aggressive-v3,E,5,middle,late,1,15,14,2,12,61,770,11.00,6,0,0
aggressive-v3,aggressive-v3,E,5,middle,late,2,15,36,2,34,122,1986,23.25,11,0,0
aggressive-v3,aggressive-v3,E,5,middle,late,3,15,68,6,62,269,3501,44.75,13,0,0
aggressive-v3,aggressive-v3,E,5,middle,late,4,15,106,12,94,365,5833,78.50,44,2,0
aggressive-v3,aggressive-v3,E,5,middle,middle,5,15,126,18,108,489,6765,84.50,38,3,0
aggressive-v3,aggressive-v3,E,5,middle,middle,6,15,159,12,147,597,8602,114.50,49,0,0
aggressive-v3,aggressive-v3,E,5,middle,middle,7,15,189,21,168,659,10491,136.00,72,2,0
aggressive-v3,aggressive-v3,E,5,middle,middle,8,15,158,15,143,515,8503,119.50,65,0,0
aggressive-v3,aggressive-v3,E,5,middle,middle,9,15,153,19,134,440,8775,120.00,68,1,0
balanced-v1,balanced-v1,A,3,early,early,10,15,61,10,51,272,3551,24.0,12,1,0
balanced-v1,balanced-v1,A,3,early,early,11,15,74,9,65,386,4441,30.5,12,0,0
balanced-v1,balanced-v1,A,3,early,early,12,15,125,10,115,621,7401,49.0,18,3,0
balanced-v1,balanced-v1,A,3,early,early,13,15,140,11,129,861,8454,55.0,20,2,0
balanced-v1,balanced-v1,A,3,early,early,14,15,101,7,94,498,6026,31.0,11,0,0
balanced-v1,balanced-v1,A,3,early,early,15,15,58,9,49,404,3260,16.0,3,0,0
balanced-v1,balanced-v1,A,3,early,middle,7,15,3,0,3,22,154,1.0,1,0,0
balanced-v1,balanced-v1,A,3,early,middle,8,15,8,0,8,46,428,3.5,2,1,0
balanced-v1,balanced-v1,A,3,early,middle,9,15,16,0,16,90,922,5.5,3,0,0
balanced-v1,balanced-v1,A,3,late,late,0,15,82,33,49,131,4867,30.5,10,1,0
balanced-v1,balanced-v1,A,3,late,late,1,15,84,35,49,117,5177,33.0,13,1,0
balanced-v1,balanced-v1,A,3,late,late,2,15,67,28,39,107,4085,27.5,9,0,0
balanced-v1,balanced-v1,A,3,late,late,3,15,68,29,39,110,4202,24.0,10,0,0
balanced-v1,balanced-v1,A,3,late,late,4,15,36,11,25,90,2248,14.5,7,0,0
balanced-v1,balanced-v1,A,3,late,middle,5,15,21,8,13,13,1394,10.0,5,0,0
balanced-v1,balanced-v1,A,3,late,middle,6,15,10,5,5,14,661,4.5,1,0,0
balanced-v1,balanced-v1,A,3,late,middle,7,15,6,2,4,10,458,3.5,3,0,0
balanced-v1,balanced-v1,A,3,late,middle,8,15,3,1,2,1,252,1.5,0,0,0
balanced-v1,balanced-v1,A,3,middle,early,10,15,62,9,53,167,4059,31.5,16,0,0
balanced-v1,balanced-v1,A,3,middle,early,11,15,56,8,48,163,3535,22.0,7,0,0
balanced-v1,balanced-v1,A,3,middle,early,12,15,11,2,9,31,675,4.0,1,0,0
balanced-v1,balanced-v1,A,3,middle,early,13,15,10,1,9,12,611,2.0,1,0,0
balanced-v1,balanced-v1,A,3,middle,late,0,15,8,3,5,16,485,4.5,4,0,0
balanced-v1,balanced-v1,A,3,middle,late,1,15,8,2,6,14,411,0.5,0,0,0
balanced-v1,balanced-v1,A,3,middle,late,2,15,27,10,17,39,1462,11.0,4,1,0
balanced-v1,balanced-v1,A,3,middle,late,3,15,49,12,37,88,2757,21.0,8,0,0
balanced-v1,balanced-v1,A,3,middle,late,4,15,64,13,51,120,3628,27.0,13,2,0
balanced-v1,balanced-v1,A,3,middle,middle,5,15,74,16,58,198,4289,23.0,8,0,0
balanced-v1,balanced-v1,A,3,middle,middle,6,15,81,12,69,195,4926,35.0,14,2,0
balanced-v1,balanced-v1,A,3,middle,middle,7,15,94,13,81,264,5514,34.5,13,4,0
balanced-v1,balanced-v1,A,3,middle,middle,8,15,74,7,67,292,4329,28.5,7,0,0
balanced-v1,balanced-v1,A,3,middle,middle,9,15,102,13,89,342,6671,44.0,21,0,0
balanced-v1,balanced-v1,A,4,early,early,10,14,109,9,100,536,4790,39.9999999999999972,7,1,0
balanced-v1,balanced-v1,A,4,early,early,11,14,156,14,142,791,7524,65.9999999999999959,20,1,0
balanced-v1,balanced-v1,A,4,early,early,12,14,134,7,127,902,6093,57.9999999999999962,16,4,0
balanced-v1,balanced-v1,A,4,early,early,13,14,132,18,114,558,6357,59.9999999999999957,14,5,0
balanced-v1,balanced-v1,A,4,early,early,14,14,74,29,45,457,3123,23.6666666666666646,2,0,0
balanced-v1,balanced-v1,A,4,early,middle,5,14,2,0,2,15,83,0.6666666666666666,0,0,0
balanced-v1,balanced-v1,A,4,early,middle,6,14,5,0,5,24,263,2.9999999999999998,1,0,0
balanced-v1,balanced-v1,A,4,early,middle,7,14,19,0,19,91,859,7.6666666666666661,2,0,0
balanced-v1,balanced-v1,A,4,early,middle,8,14,37,3,34,172,1716,18.9999999999999989,5,2,0
balanced-v1,balanced-v1,A,4,early,middle,9,14,76,5,71,383,3656,37.6666666666666642,11,1,0
balanced-v1,balanced-v1,A,4,late,late,0,14,103,24,79,196,4795,42.6666666666666636,10,2,0
balanced-v1,balanced-v1,A,4,late,late,1,14,85,29,56,132,3950,34.6666666666666639,6,1,0
balanced-v1,balanced-v1,A,4,late,late,2,14,73,18,55,117,3464,35.3333333333333312,8,6,0
balanced-v1,balanced-v1,A,4,late,late,3,14,60,17,43,104,2784,23.3333333333333317,7,0,0
balanced-v1,balanced-v1,A,4,late,late,4,14,25,8,17,56,1301,11.9999999999999992,4,0,0
balanced-v1,balanced-v1,A,4,late,middle,5,14,4,1,3,4,186,1.9999999999999999,1,0,0
balanced-v1,balanced-v1,A,4,late,middle,6,14,2,0,2,5,86,0.6666666666666666,0,0,0
balanced-v1,balanced-v1,A,4,late,middle,7,14,1,0,1,0,49,0.6666666666666666,0,0,0
balanced-v1,balanced-v1,A,4,middle,early,10,14,37,7,30,83,1791,16.9999999999999989,6,0,0
balanced-v1,balanced-v1,A,4,middle,early,11,14,17,1,16,40,732,7.3333333333333326,0,0,0
balanced-v1,balanced-v1,A,4,middle,early,12,14,6,3,3,7,238,1.6666666666666665,0,0,0
balanced-v1,balanced-v1,A,4,middle,early,13,14,2,0,2,1,80,0.6666666666666666,0,0,0
balanced-v1,balanced-v1,A,4,middle,late,0,14,18,1,17,32,834,8.6666666666666661,3,0,0
balanced-v1,balanced-v1,A,4,middle,late,1,14,40,4,36,76,1893,17.3333333333333320,4,0,0
balanced-v1,balanced-v1,A,4,middle,late,2,14,56,10,46,98,2548,24.3333333333333315,5,1,0
balanced-v1,balanced-v1,A,4,middle,late,3,14,87,15,72,169,4117,40.6666666666666636,8,2,0
balanced-v1,balanced-v1,A,4,middle,late,4,14,103,12,91,215,4652,38.9999999999999967,5,1,0
balanced-v1,balanced-v1,A,4,middle,middle,5,14,118,16,102,272,5673,57.3333333333333298,19,2,0
balanced-v1,balanced-v1,A,4,middle,middle,6,14,134,19,115,311,6284,58.6666666666666633,16,6,0
balanced-v1,balanced-v1,A,4,middle,middle,7,14,107,14,93,312,4903,44.3333333333333307,13,2,0
balanced-v1,balanced-v1,A,4,middle,middle,8,14,91,4,87,301,4145,37.3333333333333309,8,2,0
balanced-v1,balanced-v1,A,4,middle,middle,9,14,65,9,56,186,3128,26.6666666666666648,7,0,0
balanced-v1,balanced-v1,A,5,early,early,10,15,97,6,91,417,3340,36.75,2,0,0
balanced-v1,balanced-v1,A,5,early,early,11,15,121,10,111,548,4121,44.75,0,0,0
balanced-v1,balanced-v1,A,5,early,early,12,15,158,13,145,757,5598,63.25,6,0,0
balanced-v1,balanced-v1,A,5,early,early,13,15,190,16,174,1104,6558,73.00,2,0,0
balanced-v1,balanced-v1,A,5,early,early,14,15,196,16,180,942,7032,74.25,4,0,0
balanced-v1,balanced-v1,A,5,early,early,15,15,79,38,41,369,2700,29.75,2,0,0
balanced-v1,balanced-v1,A,5,early,middle,7,15,1,0,1,5,47,1.0,1,0,0
balanced-v1,balanced-v1,A,5,early,middle,8,15,14,1,13,50,477,6.00,1,0,0
balanced-v1,balanced-v1,A,5,early,middle,9,15,31,4,27,103,1105,11.25,0,0,0
balanced-v1,balanced-v1,A,5,late,late,0,15,141,28,113,232,4875,52.50,2,0,0
balanced-v1,balanced-v1,A,5,late,late,1,15,126,39,87,174,4543,50.50,1,0,0
balanced-v1,balanced-v1,A,5,late,late,2,15,118,39,79,162,4189,46.00,1,0,0
balanced-v1,balanced-v1,A,5,late,late,3,15,88,25,63,127,3069,32.00,0,0,0
balanced-v1,balanced-v1,A,5,late,late,4,15,55,11,44,96,1876,20.25,0,0,0
balanced-v1,balanced-v1,A,5,late,middle,5,15,38,13,25,50,1338,14.00,0,0,0
balanced-v1,balanced-v1,A,5,late,middle,6,15,19,5,14,37,657,6.75,0,0,0
balanced-v1,balanced-v1,A,5,late,middle,7,15,4,0,4,20,156,1.50,0,0,0
balanced-v1,balanced-v1,A,5,late,middle,8,15,1,0,1,3,25,0.0,0,0,0
balanced-v1,balanced-v1,A,5,late,middle,9,15,1,1,0,0,41,0.5,0,0,0
balanced-v1,balanced-v1,A,5,middle,early,10,15,91,8,83,259,3171,34.50,1,0,0
balanced-v1,balanced-v1,A,5,middle,early,11,15,60,4,56,162,2104,25.00,0,0,0
balanced-v1,balanced-v1,A,5,middle,early,12,15,32,6,26,81,1120,11.75,0,0,0
balanced-v1,balanced-v1,A,5,middle,early,13,15,11,2,9,27,437,5.25,0,0,0
balanced-v1,balanced-v1,A,5,middle,early,14,15,2,0,2,1,86,0.75,0,0,0
balanced-v1,balanced-v1,A,5,middle,late,0,15,7,1,6,12,264,3.75,1,0,0
balanced-v1,balanced-v1,A,5,middle,late,1,15,22,4,18,36,759,8.00,1,0,0
balanced-v1,balanced-v1,A,5,middle,late,2,15,47,4,43,111,1668,19.00,1,0,0
balanced-v1,balanced-v1,A,5,middle,late,3,15,62,18,44,100,2173,26.00,3,0,0
balanced-v1,balanced-v1,A,5,middle,late,4,15,86,15,71,182,2998,33.00,1,0,0
balanced-v1,balanced-v1,A,5,middle,middle,5,15,108,10,98,248,3838,43.75,2,0,0
balanced-v1,balanced-v1,A,5,middle,middle,6,15,143,23,120,330,4927,51.00,5,0,0
balanced-v1,balanced-v1,A,5,middle,middle,7,15,139,20,119,348,4770,53.25,3,0,0
balanced-v1,balanced-v1,A,5,middle,middle,8,15,144,32,112,359,4990,55.75,5,0,0
balanced-v1,balanced-v1,A,5,middle,middle,9,15,121,18,103,315,4334,47.25,1,0,0
balanced-v1,balanced-v1,B,3,early,early,10,15,69,4,65,337,3946,28.5,12,0,0
balanced-v1,balanced-v1,B,3,early,early,11,15,83,3,80,447,4805,27.5,8,0,0
balanced-v1,balanced-v1,B,3,early,early,12,15,109,12,97,574,6789,48.0,22,0,0
balanced-v1,balanced-v1,B,3,early,early,13,15,136,10,126,827,8011,50.5,15,0,0
balanced-v1,balanced-v1,B,3,early,early,14,15,105,8,97,456,5912,34.0,8,0,0
balanced-v1,balanced-v1,B,3,early,early,15,15,50,8,42,383,3102,18.5,10,0,0
balanced-v1,balanced-v1,B,3,early,middle,5,15,1,0,1,3,54,0.0,0,0,0
balanced-v1,balanced-v1,B,3,early,middle,7,15,4,0,4,29,210,1.0,0,0,0
balanced-v1,balanced-v1,B,3,early,middle,8,15,5,0,5,26,291,2.0,1,0,0
balanced-v1,balanced-v1,B,3,early,middle,9,15,40,1,39,187,2300,15.0,3,0,0
balanced-v1,balanced-v1,B,3,late,late,0,15,89,34,55,122,5206,33.0,12,0,0
balanced-v1,balanced-v1,B,3,late,late,1,15,82,32,50,128,4811,29.0,8,0,0
balanced-v1,balanced-v1,B,3,late,late,2,15,71,31,40,90,4088,22.0,8,0,0
balanced-v1,balanced-v1,B,3,late,late,3,15,42,12,30,56,2389,16.5,3,0,0
balanced-v1,balanced-v1,B,3,late,late,4,15,27,10,17,45,1699,13.0,6,0,0
balanced-v1,balanced-v1,B,3,late,middle,5,15,17,3,14,33,911,7.5,1,0,0
balanced-v1,balanced-v1,B,3,late,middle,6,15,10,3,7,15,570,4.0,1,0,0
balanced-v1,balanced-v1,B,3,late,middle,7,15,4,2,2,8,201,1.5,0,0,0
balanced-v1,balanced-v1,B,3,late,middle,8,15,1,1,0,0,53,0.5,0,0,0
balanced-v1,balanced-v1,B,3,middle,early,10,15,52,6,46,155,3219,21.5,8,0,0
balanced-v1,balanced-v1,B,3,middle,early,11,15,31,2,29,113,1863,11.5,6,0,0
balanced-v1,balanced-v1,B,3,middle,early,12,15,12,1,11,15,663,4.0,2,0,0
balanced-v1,balanced-v1,B,3,middle,early,13,15,12,1,11,70,607,2.5,0,0,0
balanced-v1,balanced-v1,B,3,middle,late,0,15,4,0,4,9,281,1.5,1,0,0
balanced-v1,balanced-v1,B,3,middle,late,1,15,20,4,16,39,1185,4.0,2,0,0
balanced-v1,balanced-v1,B,3,middle,late,2,15,39,4,35,85,2332,13.0,2,0,0
balanced-v1,balanced-v1,B,3,middle,late,3,15,47,14,33,85,2920,17.5,8,0,0
balanced-v1,balanced-v1,B,3,middle,late,4,15,65,16,49,106,3893,30.5,12,0,0
balanced-v1,balanced-v1,B,3,middle,middle,5,15,75,18,57,139,4271,25.0,7,0,0
balanced-v1,balanced-v1,B,3,middle,middle,6,15,84,13,71,199,5060,36.5,17,0,0
balanced-v1,balanced-v1,B,3,middle,middle,7,15,93,17,76,248,5405,36.5,13,0,0
balanced-v1,balanced-v1,B,3,middle,middle,8,15,94,11,83,233,5761,45.5,20,0,0
balanced-v1,balanced-v1,B,3,middle,middle,9,15,79,18,61,204,4706,33.0,11,0,0
balanced-v1,balanced-v1,B,4,early,early,10,14,107,12,95,498,4622,44.6666666666666630,8,0,0
balanced-v1,balanced-v1,B,4,early,early,11,14,138,20,118,673,6194,70.3333333333333283,21,0,0
balanced-v1,balanced-v1,B,4,early,early,12,14,178,19,159,973,7526,72.9999999999999948,9,0,0
balanced-v1,balanced-v1,B,4,early,early,13,14,146,15,131,590,6098,60.6666666666666622,11,0,0
balanced-v1,balanced-v1,B,4,early,early,14,14,68,22,46,456,2829,25.6666666666666646,4,0,0
balanced-v1,balanced-v1,B,4,early,middle,6,14,4,0,4,25,152,1.3333333333333332,0,0,0
balanced-v1,balanced-v1,B,4,early,middle,7,14,13,0,13,73,558,5.6666666666666662,1,0,0
balanced-v1,balanced-v1,B,4,early,middle,8,14,35,5,30,176,1460,12.6666666666666655,1,0,0
balanced-v1,balanced-v1,B,4,early,middle,9,14,46,2,44,257,1880,19.3333333333333315,1,0,0
balanced-v1,balanced-v1,B,4,late,late,0,14,112,15,97,186,4799,47.6666666666666627,8,0,0
balanced-v1,balanced-v1,B,4,late,late,1,14,94,16,78,174,4068,38.3333333333333304,9,0,0
balanced-v1,balanced-v1,B,4,late,late,2,14,80,24,56,117,3440,37.9999999999999976,14,0,0
balanced-v1,balanced-v1,B,4,late,late,3,14,63,15,48,111,2603,24.3333333333333315,5,0,0
balanced-v1,balanced-v1,B,4,late,late,4,14,24,6,18,39,1030,9.9999999999999993,3,0,0
balanced-v1,balanced-v1,B,4,late,middle,5,14,19,8,11,24,778,6.6666666666666661,1,0,0
balanced-v1,balanced-v1,B,4,late,middle,6,14,6,2,4,13,239,1.9999999999999998,0,0,0
balanced-v1,balanced-v1,B,4,late,middle,7,14,2,0,2,2,78,0.9999999999999999,0,0,0
balanced-v1,balanced-v1,B,4,middle,early,10,14,70,9,61,192,2993,31.6666666666666641,3,0,0
balanced-v1,balanced-v1,B,4,middle,early,11,14,25,3,22,51,1105,11.9999999999999992,3,0,0
balanced-v1,balanced-v1,B,4,middle,early,12,14,7,1,6,29,259,1.6666666666666665,0,0,0
balanced-v1,balanced-v1,B,4,middle,late,0,14,17,2,15,41,754,8.6666666666666658,0,0,0
balanced-v1,balanced-v1,B,4,middle,late,1,14,28,3,25,63,1155,10.3333333333333323,0,0,0
balanced-v1,balanced-v1,B,4,middle,late,2,14,53,5,48,127,2189,24.3333333333333313,4,0,0
balanced-v1,balanced-v1,B,4,middle,late,3,14,70,10,60,150,3001,30.6666666666666640,4,0,0
balanced-v1,balanced-v1,B,4,middle,late,4,14,90,13,77,198,3804,38.6666666666666636,8,0,0
balanced-v1,balanced-v1,B,4,middle,middle,5,14,109,14,95,239,4852,49.9999999999999963,11,0,0
balanced-v1,balanced-v1,B,4,middle,middle,6,14,126,18,108,298,5388,53.6666666666666623,9,0,0
balanced-v1,balanced-v1,B,4,middle,middle,7,14,116,18,98,307,4767,42.9999999999999963,5,0,0
balanced-v1,balanced-v1,B,4,middle,middle,8,14,106,12,94,348,4566,45.6666666666666628,7,0,0
balanced-v1,balanced-v1,B,4,middle,middle,9,14,76,8,68,227,3181,33.9999999999999975,9,0,0
balanced-v1,balanced-v1,B,5,early,early,10,15,72,2,70,360,2435,25.75,3,1,0
balanced-v1,balanced-v1,B,5,early,early,11,15,138,13,125,551,4768,52.25,6,2,0
balanced-v1,balanced-v1,B,5,early,early,12,15,159,15,144,757,5665,62.50,9,2,0
balanced-v1,balanced-v1,B,5,early,early,13,15,199,19,180,1142,6901,82.50,8,4,0
balanced-v1,balanced-v1,B,5,early,early,14,15,152,14,138,672,5410,57.00,8,3,0
balanced-v1,balanced-v1,B,5,early,early,15,15,86,35,51,459,2903,32.25,2,0,0
balanced-v1,balanced-v1,B,5,early,middle,6,15,2,0,2,9,59,0.5,0,0,0
balanced-v1,balanced-v1,B,5,early,middle,7,15,6,0,6,26,184,1.50,0,0,0
balanced-v1,balanced-v1,B,5,early,middle,8,15,25,1,24,115,875,10.75,1,0,0
balanced-v1,balanced-v1,B,5,early,middle,9,15,45,0,45,211,1584,17.25,2,0,0
balanced-v1,balanced-v1,B,5,late,late,0,15,134,15,119,251,4670,52.00,6,2,0
balanced-v1,balanced-v1,B,5,late,late,1,15,137,33,104,193,4672,52.00,6,2,0
balanced-v1,balanced-v1,B,5,late,late,2,15,118,27,91,194,4152,46.25,6,3,0
balanced-v1,balanced-v1,B,5,late,late,3,15,65,17,48,127,2233,25.25,3,1,0
balanced-v1,balanced-v1,B,5,late,late,4,15,53,9,44,109,1878,18.75,1,0,0
balanced-v1,balanced-v1,B,5,late,middle,5,15,32,9,23,56,1122,12.50,1,0,0
balanced-v1,balanced-v1,B,5,late,middle,6,15,26,8,18,45,929,10.00,0,0,0
balanced-v1,balanced-v1,B,5,late,middle,7,15,4,0,4,5,131,1.00,0,0,0
balanced-v1,balanced-v1,B,5,late,middle,8,15,2,1,1,3,87,0.75,0,0,0
balanced-v1,balanced-v1,B,5,late,middle,9,15,3,2,1,1,142,1.5,0,0,0
balanced-v1,balanced-v1,B,5,middle,early,10,15,90,9,81,235,3242,36.25,2,2,0
balanced-v1,balanced-v1,B,5,middle,early,11,15,49,11,38,129,1751,17.50,2,0,0
balanced-v1,balanced-v1,B,5,middle,early,12,15,26,4,22,57,889,7.75,0,0,0
balanced-v1,balanced-v1,B,5,middle,early,13,15,5,1,4,10,158,2.00,0,0,0
balanced-v1,balanced-v1,B,5,middle,late,0,15,13,0,13,23,441,4.75,0,0,0
balanced-v1,balanced-v1,B,5,middle,late,1,15,28,5,23,56,1009,11.75,0,0,0
balanced-v1,balanced-v1,B,5,middle,late,2,15,40,6,34,87,1345,14.25,3,1,0
balanced-v1,balanced-v1,B,5,middle,late,3,15,86,11,75,182,3000,33.00,3,1,0
balanced-v1,balanced-v1,B,5,middle,late,4,15,83,11,72,191,2799,36.50,5,2,0
balanced-v1,balanced-v1,B,5,middle,middle,5,15,128,20,108,289,4579,51.75,12,2,0
balanced-v1,balanced-v1,B,5,middle,middle,6,15,118,15,103,272,4005,44.50,5,2,0
balanced-v1,balanced-v1,B,5,middle,middle,7,15,161,33,128,356,5529,62.50,4,3,0
balanced-v1,balanced-v1,B,5,middle,middle,8,15,146,28,118,350,4937,51.25,6,0,0
balanced-v1,balanced-v1,B,5,middle,middle,9,15,95,14,81,256,3384,39.00,3,2,0
balanced-v1,balanced-v1,C,3,early,early,10,15,63,6,57,298,3556,35.0,20,4,0
balanced-v1,balanced-v1,C,3,early,early,11,15,94,11,83,419,5103,45.5,27,3,0
balanced-v1,balanced-v1,C,3,early,early,12,15,107,5,102,505,6019,56.5,21,5,0
balanced-v1,balanced-v1,C,3,early,early,13,15,103,5,98,521,5634,50.0,26,4,0
balanced-v1,balanced-v1,C,3,early,early,14,15,110,6,104,416,6087,53.0,24,1,0
balanced-v1,balanced-v1,C,3,early,early,15,15,73,17,56,449,3683,19.5,0,3,0
balanced-v1,balanced-v1,C,3,early,middle,7,15,4,0,4,17,248,4.0,4,0,0
balanced-v1,balanced-v1,C,3,early,middle,8,15,12,0,12,56,678,6.5,5,0,0
balanced-v1,balanced-v1,C,3,early,middle,9,15,28,3,25,124,1599,16.5,12,0,0
balanced-v1,balanced-v1,C,3,late,late,0,15,82,23,59,185,4431,37.5,15,3,0
balanced-v1,balanced-v1,C,3,late,late,1,15,87,42,45,124,4796,39.5,14,2,0
balanced-v1,balanced-v1,C,3,late,late,2,15,70,24,46,104,3926,35.0,14,3,0
balanced-v1,balanced-v1,C,3,late,late,3,15,47,19,28,60,2541,19.5,10,0,0
balanced-v1,balanced-v1,C,3,late,late,4,15,30,10,20,57,1681,15.5,9,0,0
balanced-v1,balanced-v1,C,3,late,middle,5,15,19,8,11,30,1041,6.5,1,0,0
balanced-v1,balanced-v1,C,3,late,middle,6,15,11,3,8,25,679,5.0,2,0,0
balanced-v1,balanced-v1,C,3,late,middle,7,15,2,0,2,4,112,1.0,0,0,0
balanced-v1,balanced-v1,C,3,late,middle,8,15,3,0,3,10,169,1.5,0,0,0
balanced-v1,balanced-v1,C,3,late,middle,9,15,1,0,1,0,57,0.5,0,0,0
balanced-v1,balanced-v1,C,3,middle,early,10,15,73,10,63,252,3950,31.0,8,4,0
balanced-v1,balanced-v1,C,3,middle,early,11,15,42,6,36,114,2343,20.0,6,0,0
balanced-v1,balanced-v1,C,3,middle,early,12,15,13,1,12,19,761,5.5,2,1,0
balanced-v1,balanced-v1,C,3,middle,early,13,15,3,0,3,4,131,0.0,0,0,0
balanced-v1,balanced-v1,C,3,middle,late,0,15,7,1,6,13,401,4.5,4,0,0
balanced-v1,balanced-v1,C,3,middle,late,1,15,14,3,11,31,717,5.5,4,0,0
balanced-v1,balanced-v1,C,3,middle,late,2,15,35,12,23,59,2014,21.0,13,2,0
balanced-v1,balanced-v1,C,3,middle,late,3,15,37,11,26,64,2016,22.0,11,3,0
balanced-v1,balanced-v1,C,3,middle,late,4,15,72,15,57,169,4032,33.0,16,3,0
balanced-v1,balanced-v1,C,3,middle,middle,5,15,77,15,62,147,4150,39.0,16,5,0
balanced-v1,balanced-v1,C,3,middle,middle,6,15,90,21,69,215,5038,48.0,27,4,0
balanced-v1,balanced-v1,C,3,middle,middle,7,15,99,17,82,262,5395,47.0,21,1,0
balanced-v1,balanced-v1,C,3,middle,middle,8,15,85,9,76,246,4405,30.0,11,2,0
balanced-v1,balanced-v1,C,3,middle,middle,9,15,69,12,57,167,3973,37.5,18,1,0
balanced-v1,balanced-v1,C,4,early,early,10,14,129,12,117,655,5461,57.6666666666666637,21,1,0
balanced-v1,balanced-v1,C,4,early,early,11,14,138,13,125,646,6144,66.6666666666666631,27,0,0
balanced-v1,balanced-v1,C,4,early,early,12,14,172,16,156,907,7215,72.3333333333333289,19,2,0
balanced-v1,balanced-v1,C,4,early,early,13,14,113,6,107,499,4744,45.3333333333333305,16,0,0
balanced-v1,balanced-v1,C,4,early,early,14,14,71,26,45,413,2728,21.3333333333333316,1,0,0
balanced-v1,balanced-v1,C,4,early,middle,5,14,1,0,1,4,43,0.6666666666666666,0,0,0
balanced-v1,balanced-v1,C,4,early,middle,6,14,3,0,3,9,135,1.9999999999999999,1,0,0
balanced-v1,balanced-v1,C,4,early,middle,7,14,19,0,19,73,868,10.9999999999999994,4,1,0
balanced-v1,balanced-v1,C,4,early,middle,8,14,34,3,31,150,1520,21.6666666666666659,11,3,0
balanced-v1,balanced-v1,C,4,early,middle,9,14,62,5,57,298,2628,31.6666666666666649,13,0,0
balanced-v1,balanced-v1,C,4,late,late,0,14,116,22,94,169,4972,52.9999999999999966,18,0,0
balanced-v1,balanced-v1,C,4,late,late,1,14,78,23,55,98,3243,26.6666666666666644,4,0,0
balanced-v1,balanced-v1,C,4,late,late,2,14,72,27,45,86,3060,32.3333333333333310,8,0,0
balanced-v1,balanced-v1,C,4,late,late,3,14,52,17,35,74,2268,20.3333333333333321,7,0,0
balanced-v1,balanced-v1,C,4,late,late,4,14,33,7,26,57,1412,13.9999999999999992,5,0,0
balanced-v1,balanced-v1,C,4,late,middle,5,14,16,8,8,14,729,8.6666666666666661,2,0,0
balanced-v1,balanced-v1,C,4,late,middle,6,14,3,0,3,5,150,1.9999999999999998,0,0,0
balanced-v1,balanced-v1,C,4,late,middle,7,14,2,0,2,5,70,1.3333333333333332,0,0,0
balanced-v1,balanced-v1,C,4,middle,early,10,14,44,4,40,162,1881,17.3333333333333318,2,0,0
balanced-v1,balanced-v1,C,4,middle,early,11,14,24,3,21,64,1051,10.6666666666666657,1,0,0
balanced-v1,balanced-v1,C,4,middle,early,12,14,5,0,5,22,209,2.6666666666666664,0,0,0
balanced-v1,balanced-v1,C,4,middle,early,13,14,3,1,2,6,139,1.6666666666666665,0,0,0
balanced-v1,balanced-v1,C,4,middle,late,0,14,11,4,7,20,499,6.6666666666666664,3,1,0
balanced-v1,balanced-v1,C,4,middle,late,1,14,28,10,18,38,1176,14.3333333333333325,3,2,0
balanced-v1,balanced-v1,C,4,middle,late,2,14,50,7,43,103,2104,26.3333333333333320,13,0,0
balanced-v1,balanced-v1,C,4,middle,late,3,14,92,23,69,164,3922,48.3333333333333303,14,2,0
balanced-v1,balanced-v1,C,4,middle,late,4,14,97,17,80,218,4171,45.9999999999999974,19,0,0
balanced-v1,balanced-v1,C,4,middle,middle,5,14,106,19,87,211,4459,47.3333333333333304,16,1,0
balanced-v1,balanced-v1,C,4,middle,middle,6,14,128,22,106,293,5374,50.3333333333333299,14,2,0
balanced-v1,balanced-v1,C,4,middle,middle,7,14,127,20,107,328,5357,54.3333333333333297,17,0,0
balanced-v1,balanced-v1,C,4,middle,middle,8,14,96,14,82,317,4173,43.6666666666666640,17,0,0
balanced-v1,balanced-v1,C,4,middle,middle,9,14,90,10,80,236,3661,33.9999999999999977,11,0,0
balanced-v1,balanced-v1,C,5,early,early,10,15,84,3,81,428,2945,42.25,4,0,0
balanced-v1,balanced-v1,C,5,early,early,11,15,138,11,127,566,4670,66.00,3,2,0
balanced-v1,balanced-v1,C,5,early,early,12,15,159,13,146,721,5432,74.75,12,0,0
balanced-v1,balanced-v1,C,5,early,early,13,15,200,26,174,1020,6784,97.25,14,4,0
balanced-v1,balanced-v1,C,5,early,early,14,15,141,18,123,526,4597,59.75,4,0,0
balanced-v1,balanced-v1,C,5,early,early,15,15,85,31,54,458,2709,34.25,2,0,0
balanced-v1,balanced-v1,C,5,early,middle,6,15,2,0,2,12,57,0.5,0,0,0
balanced-v1,balanced-v1,C,5,early,middle,7,15,6,1,5,19,189,2.75,0,0,0
balanced-v1,balanced-v1,C,5,early,middle,8,15,23,0,23,94,740,10.50,0,0,0
balanced-v1,balanced-v1,C,5,early,middle,9,15,45,1,44,225,1528,23.50,2,1,0
balanced-v1,balanced-v1,C,5,late,late,0,15,137,36,101,195,4597,63.00,7,1,0
balanced-v1,balanced-v1,C,5,late,late,1,15,151,47,104,190,5073,68.75,9,0,0
balanced-v1,balanced-v1,C,5,late,late,2,15,100,36,64,125,3388,47.00,3,0,0
balanced-v1,balanced-v1,C,5,late,late,3,15,89,31,58,129,2976,35.00,3,0,0
balanced-v1,balanced-v1,C,5,late,late,4,15,44,12,32,56,1478,18.75,2,0,0
balanced-v1,balanced-v1,C,5,late,middle,5,15,37,15,22,45,1243,17.00,3,0,0
balanced-v1,balanced-v1,C,5,late,middle,6,15,18,8,10,17,626,8.75,2,0,0
balanced-v1,balanced-v1,C,5,late,middle,7,15,5,2,3,9,151,0.50,0,0,0
balanced-v1,balanced-v1,C,5,middle,early,10,15,94,18,76,235,3214,45.50,11,0,0
balanced-v1,balanced-v1,C,5,middle,early,11,15,47,5,42,140,1633,21.25,4,0,0
balanced-v1,balanced-v1,C,5,middle,early,12,15,18,1,17,41,574,6.00,2,0,0
balanced-v1,balanced-v1,C,5,middle,early,13,15,3,0,3,12,103,1.0,0,0,0
balanced-v1,balanced-v1,C,5,middle,late,0,15,8,1,7,22,253,4.00,0,0,0
balanced-v1,balanced-v1,C,5,middle,late,1,15,21,7,14,31,668,10.50,1,1,0
balanced-v1,balanced-v1,C,5,middle,late,2,15,44,9,35,84,1461,20.75,1,1,0
balanced-v1,balanced-v1,C,5,middle,late,3,15,75,13,62,146,2500,35.25,2,1,0
balanced-v1,balanced-v1,C,5,middle,late,4,15,86,16,70,175,2942,39.75,2,1,0
balanced-v1,balanced-v1,C,5,middle,middle,5,15,126,27,99,255,4141,55.50,4,1,0
balanced-v1,balanced-v1,C,5,middle,middle,6,15,146,40,106,278,4867,69.25,9,0,0
balanced-v1,balanced-v1,C,5,middle,middle,7,15,159,32,127,378,5288,78.75,9,1,0
balanced-v1,balanced-v1,C,5,middle,middle,8,15,129,23,106,304,4372,56.50,6,1,0
balanced-v1,balanced-v1,C,5,middle,middle,9,15,134,20,114,356,4528,65.00,6,0,0
balanced-v1,balanced-v1,D,3,early,early,10,15,59,3,56,308,3690,23.5,7,0,0
balanced-v1,balanced-v1,D,3,early,early,11,15,81,2,79,431,5093,34.0,7,4,0
balanced-v1,balanced-v1,D,3,early,early,12,15,101,4,97,666,6217,29.5,6,0,0
balanced-v1,balanced-v1,D,3,early,early,13,15,112,8,104,700,7018,48.0,12,2,0
balanced-v1,balanced-v1,D,3,early,early,14,15,124,10,114,640,7254,36.0,5,2,0
balanced-v1,balanced-v1,D,3,early,early,15,15,66,17,49,373,4073,21.5,6,0,0
balanced-v1,balanced-v1,D,3,early,middle,7,15,1,0,1,2,70,0.5,0,0,0
balanced-v1,balanced-v1,D,3,early,middle,8,15,16,0,16,76,1037,7.5,1,0,0
balanced-v1,balanced-v1,D,3,early,middle,9,15,30,0,30,195,1913,12.0,2,1,0
balanced-v1,balanced-v1,D,3,late,late,0,15,92,39,53,118,5634,33.5,7,1,0
balanced-v1,balanced-v1,D,3,late,late,1,15,76,33,43,105,4785,29.0,11,2,0
balanced-v1,balanced-v1,D,3,late,late,2,15,67,34,33,65,3974,22.5,1,0,0
balanced-v1,balanced-v1,D,3,late,late,3,15,63,23,40,88,4014,23.0,11,1,0
balanced-v1,balanced-v1,D,3,late,late,4,15,37,14,23,64,2324,16.5,4,0,0
balanced-v1,balanced-v1,D,3,late,middle,5,15,27,8,19,39,1674,11.5,6,0,0
balanced-v1,balanced-v1,D,3,late,middle,6,15,10,6,4,4,559,2.5,0,0,0
balanced-v1,balanced-v1,D,3,late,middle,7,15,5,1,4,3,312,2.5,1,0,0
balanced-v1,balanced-v1,D,3,late,middle,8,15,2,1,1,1,119,1.0,0,0,0
balanced-v1,balanced-v1,D,3,middle,early,10,15,70,13,57,186,4422,27.5,10,0,0
balanced-v1,balanced-v1,D,3,middle,early,11,15,30,7,23,69,1732,9.5,2,0,0
balanced-v1,balanced-v1,D,3,middle,early,12,15,11,0,11,16,763,5.5,3,0,0
balanced-v1,balanced-v1,D,3,middle,early,13,15,5,0,5,6,265,2.0,0,0,0
balanced-v1,balanced-v1,D,3,middle,late,0,15,4,2,2,4,236,0.5,0,0,0
balanced-v1,balanced-v1,D,3,middle,late,1,15,13,5,8,18,774,3.0,0,0,0
balanced-v1,balanced-v1,D,3,middle,late,2,15,20,5,15,41,1260,8.0,1,0,0
balanced-v1,balanced-v1,D,3,middle,late,3,15,41,12,29,76,2619,15.0,1,1,0
balanced-v1,balanced-v1,D,3,middle,late,4,15,63,24,39,116,3900,22.0,5,1,0
balanced-v1,balanced-v1,D,3,middle,middle,5,15,63,13,50,144,3915,23.5,6,0,0
balanced-v1,balanced-v1,D,3,middle,middle,6,15,108,28,80,276,6714,41.0,8,2,0
balanced-v1,balanced-v1,D,3,middle,middle,7,15,98,21,77,229,6117,40.0,11,1,0
balanced-v1,balanced-v1,D,3,middle,middle,8,15,102,17,85,327,6342,37.0,10,2,0
balanced-v1,balanced-v1,D,3,middle,middle,9,15,73,16,57,162,4427,22.5,5,0,0
balanced-v1,balanced-v1,D,4,early,early,10,14,94,10,84,557,4237,34.9999999999999975,6,0,0
balanced-v1,balanced-v1,D,4,early,early,11,14,156,13,143,813,7378,62.3333333333333291,21,0,0
balanced-v1,balanced-v1,D,4,early,early,12,14,147,13,134,1056,6386,50.9999999999999962,8,0,0
balanced-v1,balanced-v1,D,4,early,early,13,14,136,12,124,698,5926,43.3333333333333301,5,0,0
balanced-v1,balanced-v1,D,4,early,early,14,14,76,29,47,412,3277,23.6666666666666646,1,0,0
balanced-v1,balanced-v1,D,4,early,middle,6,14,5,0,5,25,225,1.6666666666666665,0,0,0
balanced-v1,balanced-v1,D,4,early,middle,7,14,14,0,14,55,649,5.6666666666666662,1,0,0
balanced-v1,balanced-v1,D,4,early,middle,8,14,36,2,34,182,1654,14.9999999999999986,1,0,0
balanced-v1,balanced-v1,D,4,early,middle,9,14,67,4,63,421,3153,28.6666666666666648,10,0,0
balanced-v1,balanced-v1,D,4,late,late,0,14,107,12,95,190,4848,39.6666666666666636,8,0,0
balanced-v1,balanced-v1,D,4,late,late,1,14,81,15,66,201,3650,29.6666666666666646,9,0,0
balanced-v1,balanced-v1,D,4,late,late,2,14,74,14,60,130,3389,27.3333333333333310,3,0,0
balanced-v1,balanced-v1,D,4,late,late,3,14,49,11,38,70,2191,17.3333333333333322,6,0,0
balanced-v1,balanced-v1,D,4,late,late,4,14,34,7,27,44,1438,6.9999999999999993,0,0,0
balanced-v1,balanced-v1,D,4,late,middle,5,14,11,1,10,17,465,2.3333333333333331,0,0,0
balanced-v1,balanced-v1,D,4,late,middle,6,14,7,1,6,12,283,1.3333333333333332,0,0,0
balanced-v1,balanced-v1,D,4,late,middle,8,14,1,0,1,3,49,0.3333333333333333,0,0,0
balanced-v1,balanced-v1,D,4,middle,early,10,14,52,5,47,143,2205,14.6666666666666653,1,0,0
balanced-v1,balanced-v1,D,4,middle,early,11,14,20,3,17,51,890,6.3333333333333327,0,0,0
balanced-v1,balanced-v1,D,4,middle,early,12,14,6,1,5,12,228,1.6666666666666665,0,0,0
balanced-v1,balanced-v1,D,4,middle,late,0,14,16,1,15,31,792,6.9999999999999995,2,0,0
balanced-v1,balanced-v1,D,4,middle,late,1,14,41,7,34,77,1757,15.6666666666666651,0,0,0
balanced-v1,balanced-v1,D,4,middle,late,2,14,57,10,47,109,2701,21.9999999999999980,2,0,0
balanced-v1,balanced-v1,D,4,middle,late,3,14,84,19,65,161,3832,34.6666666666666640,7,0,0
balanced-v1,balanced-v1,D,4,middle,late,4,14,91,7,84,223,4114,36.9999999999999976,13,0,0
balanced-v1,balanced-v1,D,4,middle,middle,5,14,127,22,105,262,5805,45.3333333333333296,8,0,0
balanced-v1,balanced-v1,D,4,middle,middle,6,14,110,18,92,262,4922,40.6666666666666635,8,0,0
balanced-v1,balanced-v1,D,4,middle,middle,7,14,114,22,92,272,5175,45.6666666666666633,11,0,0
balanced-v1,balanced-v1,D,4,middle,middle,8,14,96,11,85,288,4363,31.9999999999999976,8,0,0
balanced-v1,balanced-v1,D,4,middle,middle,9,14,70,5,65,217,3089,20.9999999999999983,3,0,0
balanced-v1,balanced-v1,D,5,early,early,10,15,74,7,67,308,2863,29.00,3,0,0
balanced-v1,balanced-v1,D,5,early,early,11,15,140,10,130,663,5401,51.00,8,0,0
balanced-v1,balanced-v1,D,5,early,early,12,15,204,24,180,928,7546,67.00,3,0,0
balanced-v1,balanced-v1,D,5,early,early,13,15,182,15,167,1317,6519,58.50,9,0,0
balanced-v1,balanced-v1,D,5,early,early,14,15,157,18,139,787,5847,57.25,4,0,0
balanced-v1,balanced-v1,D,5,early,early,15,15,62,24,38,363,2208,19.25,3,0,0
balanced-v1,balanced-v1,D,5,early,middle,7,15,4,0,4,12,181,1.50,0,0,0
balanced-v1,balanced-v1,D,5,early,middle,8,15,19,0,19,78,775,7.75,2,0,0
balanced-v1,balanced-v1,D,5,early,middle,9,15,36,1,35,139,1397,14.00,2,0,0
balanced-v1,balanced-v1,D,5,late,late,0,15,141,25,116,218,5247,50.50,7,0,0
balanced-v1,balanced-v1,D,5,late,late,1,15,141,38,103,247,5206,48.50,8,0,0
balanced-v1,balanced-v1,D,5,late,late,2,15,122,32,90,181,4533,43.00,4,0,0
balanced-v1,balanced-v1,D,5,late,late,3,15,86,16,70,150,3224,31.00,6,0,0
balanced-v1,balanced-v1,D,5,late,late,4,15,70,17,53,98,2603,26.75,1,0,0
balanced-v1,balanced-v1,D,5,late,middle,5,15,35,6,29,61,1223,8.75,0,0,0
balanced-v1,balanced-v1,D,5,late,middle,6,15,21,2,19,35,709,6.75,0,0,0
balanced-v1,balanced-v1,D,5,late,middle,7,15,14,3,11,20,440,3.75,0,0,0
balanced-v1,balanced-v1,D,5,late,middle,8,15,4,1,3,9,159,2.00,0,0,0
balanced-v1,balanced-v1,D,5,middle,early,10,15,108,11,97,293,4038,39.25,6,0,0
balanced-v1,balanced-v1,D,5,middle,early,11,15,63,4,59,148,2226,18.50,1,0,0
balanced-v1,balanced-v1,D,5,middle,early,12,15,24,4,20,55,853,8.00,0,0,0
balanced-v1,balanced-v1,D,5,middle,early,13,15,4,1,3,9,115,0.25,0,0,0
balanced-v1,balanced-v1,D,5,middle,late,0,15,7,1,6,18,301,2.50,0,0,0
balanced-v1,balanced-v1,D,5,middle,late,1,15,15,2,13,35,598,6.50,0,0,0
balanced-v1,balanced-v1,D,5,middle,late,2,15,28,1,27,66,1076,9.75,0,0,0
balanced-v1,balanced-v1,D,5,middle,late,3,15,78,15,63,163,2994,29.75,5,0,0
balanced-v1,balanced-v1,D,5,middle,late,4,15,92,14,78,205,3434,34.50,4,0,0
balanced-v1,balanced-v1,D,5,middle,middle,5,15,123,20,103,261,4643,43.75,7,0,0
balanced-v1,balanced-v1,D,5,middle,middle,6,15,137,19,118,350,5255,51.50,8,0,0
balanced-v1,balanced-v1,D,5,middle,middle,7,15,138,26,112,306,5271,53.50,9,0,0
balanced-v1,balanced-v1,D,5,middle,middle,8,15,126,25,101,274,4688,43.75,3,0,0
balanced-v1,balanced-v1,D,5,middle,middle,9,15,133,25,108,299,4921,45.00,6,0,0
balanced-v1,balanced-v1,E,3,early,early,10,15,49,1,48,227,2971,19.5,6,1,0
balanced-v1,balanced-v1,E,3,early,early,11,15,114,7,107,635,7279,48.5,13,2,0
balanced-v1,balanced-v1,E,3,early,early,12,15,104,7,97,574,6524,36.5,18,0,0
balanced-v1,balanced-v1,E,3,early,early,13,15,125,13,112,760,7848,48.5,18,1,0
balanced-v1,balanced-v1,E,3,early,early,14,15,97,6,91,446,5867,33.5,11,1,0
balanced-v1,balanced-v1,E,3,early,early,15,15,59,4,55,441,3381,14.0,1,0,0
balanced-v1,balanced-v1,E,3,early,middle,6,15,2,0,2,6,108,0.5,0,0,0
balanced-v1,balanced-v1,E,3,early,middle,7,15,4,0,4,18,229,1.0,0,0,0
balanced-v1,balanced-v1,E,3,early,middle,8,15,10,0,10,55,612,4.0,1,1,0
balanced-v1,balanced-v1,E,3,early,middle,9,15,27,2,25,112,1590,9.0,3,0,0
balanced-v1,balanced-v1,E,3,late,late,0,15,84,37,47,115,5194,31.5,12,0,0
balanced-v1,balanced-v1,E,3,late,late,1,15,79,37,42,109,5063,31.5,11,0,0
balanced-v1,balanced-v1,E,3,late,late,2,15,72,24,48,130,4318,22.0,7,0,0
balanced-v1,balanced-v1,E,3,late,late,3,15,55,17,38,92,3532,21.0,7,0,0
balanced-v1,balanced-v1,E,3,late,late,4,15,35,15,20,40,2319,9.0,3,0,0
balanced-v1,balanced-v1,E,3,late,middle,5,15,16,5,11,40,1005,5.5,0,0,0
balanced-v1,balanced-v1,E,3,late,middle,6,15,10,5,5,8,564,3.0,1,0,0
balanced-v1,balanced-v1,E,3,late,middle,7,15,4,2,2,2,251,2.0,0,0,0
balanced-v1,balanced-v1,E,3,middle,early,10,15,51,6,45,147,3584,23.0,10,0,0
balanced-v1,balanced-v1,E,3,middle,early,11,15,32,6,26,115,1812,10.0,3,0,0
balanced-v1,balanced-v1,E,3,middle,early,12,15,15,2,13,26,950,6.5,3,0,0
balanced-v1,balanced-v1,E,3,middle,early,13,15,6,2,4,5,314,2.0,0,0,0
balanced-v1,balanced-v1,E,3,middle,early,14,15,1,1,0,0,77,0.5,0,0,0
balanced-v1,balanced-v1,E,3,middle,late,0,15,6,2,4,9,383,3.0,0,1,0
balanced-v1,balanced-v1,E,3,middle,late,1,15,12,1,11,36,638,4.0,1,0,0
balanced-v1,balanced-v1,E,3,middle,late,2,15,32,11,21,59,2023,15.5,7,2,0
balanced-v1,balanced-v1,E,3,middle,late,3,15,50,14,36,106,3127,20.5,8,0,0
balanced-v1,balanced-v1,E,3,middle,late,4,15,63,19,44,91,3809,24.5,8,1,0
balanced-v1,balanced-v1,E,3,middle,middle,5,15,89,20,69,206,5733,35.5,14,0,0
balanced-v1,balanced-v1,E,3,middle,middle,6,15,91,20,71,209,5524,26.0,8,1,0
balanced-v1,balanced-v1,E,3,middle,middle,7,15,98,14,84,251,6013,41.0,18,1,0
balanced-v1,balanced-v1,E,3,middle,middle,8,15,94,11,83,257,5770,33.0,6,2,0
balanced-v1,balanced-v1,E,3,middle,middle,9,15,68,4,64,225,4341,28.0,16,0,0
balanced-v1,balanced-v1,E,4,early,early,10,14,98,2,96,585,4392,34.3333333333333305,6,0,0
balanced-v1,balanced-v1,E,4,early,early,11,14,148,6,142,889,6664,52.3333333333333293,6,1,0
balanced-v1,balanced-v1,E,4,early,early,12,14,154,14,140,1030,7258,57.3333333333333301,14,0,0
balanced-v1,balanced-v1,E,4,early,early,13,14,125,10,115,624,5439,38.3333333333333311,6,1,0
balanced-v1,balanced-v1,E,4,early,early,14,14,58,24,34,299,2550,18.6666666666666649,0,0,0
balanced-v1,balanced-v1,E,4,early,middle,5,14,1,0,1,5,53,0.6666666666666666,0,0,0
balanced-v1,balanced-v1,E,4,early,middle,6,14,4,0,4,22,151,0.9999999999999999,0,0,0
balanced-v1,balanced-v1,E,4,early,middle,7,14,15,0,15,84,732,6.9999999999999996,3,0,0
balanced-v1,balanced-v1,E,4,early,middle,8,14,45,1,44,218,2068,16.9999999999999988,4,0,0
balanced-v1,balanced-v1,E,4,early,middle,9,14,85,8,77,440,3719,30.9999999999999980,6,4,0
balanced-v1,balanced-v1,E,4,late,late,0,14,109,17,92,193,4902,38.3333333333333303,6,1,0
balanced-v1,balanced-v1,E,4,late,late,1,14,93,24,69,174,4291,31.3333333333333305,2,1,0
balanced-v1,balanced-v1,E,4,late,late,2,14,77,15,62,137,3552,30.6666666666666640,2,0,0
balanced-v1,balanced-v1,E,4,late,late,3,14,37,11,26,59,1822,16.3333333333333322,2,3,0
balanced-v1,balanced-v1,E,4,late,late,4,14,24,6,18,46,1196,10.3333333333333325,2,0,0
balanced-v1,balanced-v1,E,4,late,middle,5,14,17,3,14,41,821,10.3333333333333325,2,0,0
balanced-v1,balanced-v1,E,4,late,middle,6,14,2,1,1,2,103,1.3333333333333332,0,0,0
balanced-v1,balanced-v1,E,4,middle,early,10,14,44,11,33,72,2122,16.6666666666666652,2,0,0
balanced-v1,balanced-v1,E,4,middle,early,11,14,22,4,18,50,982,7.9999999999999992,0,0,0
balanced-v1,balanced-v1,E,4,middle,early,12,14,2,0,2,3,84,0.0,0,0,0
balanced-v1,balanced-v1,E,4,middle,late,0,14,15,4,11,24,707,5.3333333333333330,2,0,0
balanced-v1,balanced-v1,E,4,middle,late,1,14,36,6,30,78,1587,12.3333333333333325,4,0,0
balanced-v1,balanced-v1,E,4,middle,late,2,14,54,9,45,91,2424,18.9999999999999985,4,0,0
balanced-v1,balanced-v1,E,4,middle,late,3,14,98,21,77,176,4391,33.6666666666666639,6,0,0
balanced-v1,balanced-v1,E,4,middle,late,4,14,110,19,91,233,4928,35.3333333333333307,7,1,0
balanced-v1,balanced-v1,E,4,middle,middle,5,14,131,17,114,307,5905,47.9999999999999965,10,3,0
balanced-v1,balanced-v1,E,4,middle,middle,6,14,125,22,103,330,5442,44.9999999999999964,6,1,0
balanced-v1,balanced-v1,E,4,middle,middle,7,14,97,20,77,284,4404,39.6666666666666639,8,2,0
balanced-v1,balanced-v1,E,4,middle,middle,8,14,105,8,97,302,4781,39.6666666666666634,3,2,0
balanced-v1,balanced-v1,E,4,middle,middle,9,14,53,6,47,161,2558,22.3333333333333315,4,0,0
balanced-v1,balanced-v1,E,5,early,early,10,15,78,5,73,323,2964,34.75,6,0,0
balanced-v1,balanced-v1,E,5,early,early,11,15,127,11,116,564,4848,56.50,8,0,0
balanced-v1,balanced-v1,E,5,early,early,12,15,156,11,145,746,5932,69.00,15,0,0
balanced-v1,balanced-v1,E,5,early,early,13,15,194,23,171,1147,7030,78.50,11,0,0
balanced-v1,balanced-v1,E,5,early,early,14,15,161,14,147,819,5949,66.75,7,0,0
balanced-v1,balanced-v1,E,5,early,early,15,15,95,34,61,485,3415,39.00,11,0,0
balanced-v1,balanced-v1,E,5,early,middle,6,15,1,0,1,3,28,0.0,0,0,0
balanced-v1,balanced-v1,E,5,early,middle,7,15,7,1,6,21,263,2.50,0,0,0
balanced-v1,balanced-v1,E,5,early,middle,8,15,13,2,11,46,543,6.50,3,0,0
balanced-v1,balanced-v1,E,5,early,middle,9,15,48,7,41,159,1909,22.75,2,0,0
balanced-v1,balanced-v1,E,5,late,late,0,15,144,20,124,216,5427,62.00,10,0,0
balanced-v1,balanced-v1,E,5,late,late,1,15,157,42,115,229,5983,64.50,10,0,0
balanced-v1,balanced-v1,E,5,late,late,2,15,116,26,90,195,4588,52.75,16,0,0
balanced-v1,balanced-v1,E,5,late,late,3,15,76,15,61,136,2802,35.25,7,0,0
balanced-v1,balanced-v1,E,5,late,late,4,15,67,12,55,127,2417,27.00,7,0,0
balanced-v1,balanced-v1,E,5,late,middle,5,15,46,15,31,69,1701,20.75,4,0,0
balanced-v1,balanced-v1,E,5,late,middle,6,15,31,8,23,53,1087,10.75,3,0,0
balanced-v1,balanced-v1,E,5,late,middle,7,15,8,3,5,12,317,4.0,4,0,0
balanced-v1,balanced-v1,E,5,late,middle,8,15,4,3,1,3,169,2.75,1,0,0
balanced-v1,balanced-v1,E,5,middle,early,10,15,104,13,91,344,3943,45.25,8,0,0
balanced-v1,balanced-v1,E,5,middle,early,11,15,35,1,34,126,1240,14.00,3,0,0
balanced-v1,balanced-v1,E,5,middle,early,12,15,26,7,19,67,1006,11.50,4,0,0
balanced-v1,balanced-v1,E,5,middle,early,13,15,12,2,10,24,414,6.00,1,0,0
balanced-v1,balanced-v1,E,5,middle,early,14,15,1,0,1,0,35,0.5,0,0,0
balanced-v1,balanced-v1,E,5,middle,late,0,15,6,1,5,11,174,2.25,0,0,0
balanced-v1,balanced-v1,E,5,middle,late,1,15,14,1,13,25,462,6.00,0,0,0
balanced-v1,balanced-v1,E,5,middle,late,2,15,40,3,37,85,1600,17.00,3,0,0
balanced-v1,balanced-v1,E,5,middle,late,3,15,56,8,48,130,2197,24.50,3,0,0
balanced-v1,balanced-v1,E,5,middle,late,4,15,103,23,80,199,3761,44.00,6,0,0
balanced-v1,balanced-v1,E,5,middle,middle,5,15,116,18,98,258,4242,47.00,3,0,0
balanced-v1,balanced-v1,E,5,middle,middle,6,15,127,18,109,283,4949,59.50,13,0,0
balanced-v1,balanced-v1,E,5,middle,middle,7,15,158,31,127,361,5767,65.75,11,0,0
balanced-v1,balanced-v1,E,5,middle,middle,8,15,131,21,110,302,4915,54.75,11,0,0
balanced-v1,balanced-v1,E,5,middle,middle,9,15,140,27,113,316,5047,57.25,8,0,0
balanced-v3,balanced-v3,A,3,early,early,10,15,59,6,53,270,4409,36.5,20,2,0
balanced-v3,balanced-v3,A,3,early,early,11,15,85,10,75,355,7245,63.5,48,1,0
balanced-v3,balanced-v3,A,3,early,early,12,15,91,10,81,346,8000,64.5,42,0,0
balanced-v3,balanced-v3,A,3,early,early,13,15,107,13,94,408,9242,79.5,59,1,0
balanced-v3,balanced-v3,A,3,early,early,14,15,66,8,58,135,5707,48.0,34,0,0
balanced-v3,balanced-v3,A,3,early,early,15,15,43,21,22,49,3762,32.5,23,0,0
balanced-v3,balanced-v3,A,3,early,middle,7,15,2,0,2,10,116,1.0,0,0,0
balanced-v3,balanced-v3,A,3,early,middle,8,15,9,0,9,84,596,5.5,3,0,0
balanced-v3,balanced-v3,A,3,early,middle,9,15,26,3,23,130,1926,15.0,8,3,0
balanced-v3,balanced-v3,A,3,late,late,0,15,85,4,81,246,7146,60.5,41,1,0
balanced-v3,balanced-v3,A,3,late,late,1,15,104,20,84,299,8968,75.5,53,0,0
balanced-v3,balanced-v3,A,3,late,late,2,15,76,15,61,199,6576,56.5,42,0,0
balanced-v3,balanced-v3,A,3,late,late,3,15,68,9,59,220,5351,42.5,22,0,0
balanced-v3,balanced-v3,A,3,late,late,4,15,45,4,41,141,3682,32.5,23,0,0
balanced-v3,balanced-v3,A,3,late,middle,5,15,31,2,29,92,2496,18.5,10,0,0
balanced-v3,balanced-v3,A,3,late,middle,6,15,5,0,5,8,545,5.0,5,0,0
balanced-v3,balanced-v3,A,3,late,middle,7,15,2,0,2,15,139,1.0,1,0,0
balanced-v3,balanced-v3,A,3,middle,early,10,15,60,7,53,189,5593,48.5,41,0,0
balanced-v3,balanced-v3,A,3,middle,early,11,15,38,6,32,106,3457,28.0,18,0,0
balanced-v3,balanced-v3,A,3,middle,early,12,15,11,2,9,23,1016,8.0,6,0,0
balanced-v3,balanced-v3,A,3,middle,early,13,15,4,0,4,10,316,2.5,2,0,0
balanced-v3,balanced-v3,A,3,middle,late,0,15,5,0,5,19,339,3.0,2,0,0
balanced-v3,balanced-v3,A,3,middle,late,1,15,8,0,8,22,653,5.5,4,0,0
balanced-v3,balanced-v3,A,3,middle,late,2,15,29,2,27,91,2193,20.5,13,2,0
balanced-v3,balanced-v3,A,3,middle,late,3,15,55,9,46,162,4287,36.0,20,2,0
balanced-v3,balanced-v3,A,3,middle,late,4,15,75,6,69,267,5998,50.5,37,0,0
balanced-v3,balanced-v3,A,3,middle,middle,5,15,103,11,92,380,8620,71.0,46,1,0
balanced-v3,balanced-v3,A,3,middle,middle,6,15,113,9,104,453,9315,78.0,49,0,0
balanced-v3,balanced-v3,A,3,middle,middle,7,15,109,13,96,362,9580,81.5,59,2,0
balanced-v3,balanced-v3,A,3,middle,middle,8,15,127,7,120,508,10716,92.5,67,1,0
balanced-v3,balanced-v3,A,3,middle,middle,9,15,73,6,67,241,6316,56.0,42,1,0
balanced-v3,balanced-v3,A,4,early,early,10,14,100,12,88,419,6094,69.6666666666666637,34,4,0
balanced-v3,balanced-v3,A,4,early,early,11,14,113,16,97,509,6969,75.9999999999999962,40,1,0
balanced-v3,balanced-v3,A,4,early,early,12,14,103,13,90,420,6309,73.3333333333333306,44,2,0
balanced-v3,balanced-v3,A,4,early,early,13,14,116,20,96,264,7557,88.3333333333333294,48,2,0
balanced-v3,balanced-v3,A,4,early,early,14,14,65,35,30,51,4426,50.3333333333333315,28,0,0
balanced-v3,balanced-v3,A,4,early,middle,6,14,1,0,1,3,63,0.6666666666666666,0,0,0
balanced-v3,balanced-v3,A,4,early,middle,7,14,20,1,19,130,1082,9.9999999999999992,2,0,0
balanced-v3,balanced-v3,A,4,early,middle,8,14,28,2,26,147,1623,20.3333333333333325,11,1,0
balanced-v3,balanced-v3,A,4,early,middle,9,14,68,4,64,355,4004,45.3333333333333315,27,1,0
balanced-v3,balanced-v3,A,4,late,late,0,14,110,1,109,281,6764,75.9999999999999967,41,1,0
balanced-v3,balanced-v3,A,4,late,late,1,14,102,13,89,313,6411,71.6666666666666633,36,1,0
balanced-v3,balanced-v3,A,4,late,late,2,14,91,20,71,226,5825,60.3333333333333303,27,0,0
balanced-v3,balanced-v3,A,4,late,late,3,14,62,6,56,185,3689,40.6666666666666642,15,1,0
balanced-v3,balanced-v3,A,4,late,late,4,14,33,4,29,94,2132,23.6666666666666656,12,1,0
balanced-v3,balanced-v3,A,4,late,middle,5,14,16,2,14,43,1048,10.3333333333333327,3,0,0
balanced-v3,balanced-v3,A,4,late,middle,6,14,7,1,6,11,414,4.3333333333333330,1,0,0
balanced-v3,balanced-v3,A,4,middle,early,10,14,40,11,29,81,2477,28.6666666666666649,10,0,0
balanced-v3,balanced-v3,A,4,middle,early,11,14,15,0,15,49,1085,12.3333333333333328,7,0,0
balanced-v3,balanced-v3,A,4,middle,early,12,14,6,2,4,8,435,4.9999999999999998,3,0,0
balanced-v3,balanced-v3,A,4,middle,early,13,14,1,1,0,0,49,0.6666666666666666,0,0,0
balanced-v3,balanced-v3,A,4,middle,late,0,14,16,0,16,54,951,12.9999999999999996,8,1,0
balanced-v3,balanced-v3,A,4,middle,late,1,14,42,7,35,127,2423,29.6666666666666653,15,1,0
balanced-v3,balanced-v3,A,4,middle,late,2,14,57,8,49,177,3406,37.3333333333333317,21,1,0
balanced-v3,balanced-v3,A,4,middle,late,3,14,89,6,83,371,5058,58.3333333333333305,29,0,0
balanced-v3,balanced-v3,A,4,middle,late,4,14,109,8,101,433,6868,80.3333333333333304,48,3,0
balanced-v3,balanced-v3,A,4,middle,middle,5,14,133,16,117,562,8022,91.3333333333333288,44,3,0
balanced-v3,balanced-v3,A,4,middle,middle,6,14,138,14,124,526,8528,93.9999999999999958,49,3,0
balanced-v3,balanced-v3,A,4,middle,middle,7,14,136,18,118,492,8557,94.9999999999999963,50,4,0
balanced-v3,balanced-v3,A,4,middle,middle,8,14,109,14,95,376,6717,77.3333333333333293,36,2,0
balanced-v3,balanced-v3,A,4,middle,middle,9,14,113,13,100,378,7992,90.6666666666666639,62,1,0
balanced-v3,balanced-v3,A,5,early,early,10,15,84,7,77,367,3959,59.50,25,3,0
balanced-v3,balanced-v3,A,5,early,early,11,15,113,15,98,463,5986,87.50,45,1,0
balanced-v3,balanced-v3,A,5,early,early,12,15,123,17,106,426,6182,85.00,33,4,0
balanced-v3,balanced-v3,A,5,early,early,13,15,153,20,133,537,8514,120.25,62,0,0
balanced-v3,balanced-v3,A,5,early,early,14,15,136,21,115,289,7485,99.25,47,2,0
balanced-v3,balanced-v3,A,5,early,early,15,15,79,46,33,66,4685,61.25,40,0,0
balanced-v3,balanced-v3,A,5,early,middle,7,15,3,0,3,17,131,1.50,0,0,0
balanced-v3,balanced-v3,A,5,early,middle,8,15,18,0,18,96,779,11.00,5,0,0
balanced-v3,balanced-v3,A,5,early,middle,9,15,42,4,38,177,2028,30.75,12,0,0
balanced-v3,balanced-v3,A,5,late,late,0,15,141,3,138,350,7470,105.00,52,2,0
balanced-v3,balanced-v3,A,5,late,late,1,15,128,16,112,349,6586,91.50,36,2,0
balanced-v3,balanced-v3,A,5,late,late,2,15,113,19,94,311,6068,84.75,41,1,0
balanced-v3,balanced-v3,A,5,late,late,3,15,95,14,81,307,5433,73.75,42,1,0
balanced-v3,balanced-v3,A,5,late,late,4,15,72,9,63,213,4011,53.75,26,0,0
balanced-v3,balanced-v3,A,5,late,middle,5,15,39,3,36,94,2307,31.00,15,0,0
balanced-v3,balanced-v3,A,5,late,middle,6,15,22,4,18,56,1147,15.25,5,0,0
balanced-v3,balanced-v3,A,5,late,middle,7,15,18,0,18,59,949,14.50,6,0,0
balanced-v3,balanced-v3,A,5,late,middle,8,15,4,1,3,3,242,3.25,2,0,0
balanced-v3,balanced-v3,A,5,late,middle,9,15,3,1,2,4,124,2.25,0,0,0
balanced-v3,balanced-v3,A,5,middle,early,10,15,98,14,84,314,5450,74.50,37,2,0
balanced-v3,balanced-v3,A,5,middle,early,11,15,79,7,72,234,4669,62.75,34,0,0
balanced-v3,balanced-v3,A,5,middle,early,12,15,36,12,24,78,2167,27.50,14,0,0
balanced-v3,balanced-v3,A,5,middle,early,13,15,9,4,5,25,622,7.50,4,0,0
balanced-v3,balanced-v3,A,5,middle,early,14,15,1,1,0,0,56,0.75,0,0,0
balanced-v3,balanced-v3,A,5,middle,late,0,15,7,0,7,21,317,3.50,0,0,0
balanced-v3,balanced-v3,A,5,middle,late,1,15,14,1,13,46,684,9.50,4,0,0
balanced-v3,balanced-v3,A,5,middle,late,2,15,45,3,42,144,2310,36.00,22,1,0
balanced-v3,balanced-v3,A,5,middle,late,3,15,73,12,61,238,3440,53.50,22,2,0
balanced-v3,balanced-v3,A,5,middle,late,4,15,88,14,74,276,4318,60.50,29,1,0
balanced-v3,balanced-v3,A,5,middle,middle,5,15,140,13,127,499,7194,102.00,54,1,0
balanced-v3,balanced-v3,A,5,middle,middle,6,15,145,13,132,475,7777,105.25,52,1,0
balanced-v3,balanced-v3,A,5,middle,middle,7,15,156,16,140,517,8245,119.50,57,4,0
balanced-v3,balanced-v3,A,5,middle,middle,8,15,158,27,131,469,8344,116.50,53,2,0
balanced-v3,balanced-v3,A,5,middle,middle,9,15,155,17,138,488,8507,113.50,53,3,0
balanced-v3,balanced-v3,B,3,early,early,10,15,58,4,54,262,4499,43.5,36,0,0
balanced-v3,balanced-v3,B,3,early,early,11,15,75,7,68,325,5637,52.0,38,3,0
balanced-v3,balanced-v3,B,3,early,early,12,15,79,9,70,295,6101,59.0,47,1,0
balanced-v3,balanced-v3,B,3,early,early,13,15,88,14,74,290,7502,67.5,54,0,0
balanced-v3,balanced-v3,B,3,early,early,14,15,95,19,76,189,8056,73.5,58,1,0
balanced-v3,balanced-v3,B,3,early,early,15,15,44,20,24,37,3423,28.5,18,1,0
balanced-v3,balanced-v3,B,3,early,middle,7,15,2,0,2,19,148,2.0,2,0,0
balanced-v3,balanced-v3,B,3,early,middle,8,15,8,0,8,56,579,5.5,4,0,0
balanced-v3,balanced-v3,B,3,early,middle,9,15,23,0,23,146,1739,18.0,14,0,0
balanced-v3,balanced-v3,B,3,late,late,0,15,88,4,84,256,6878,64.0,49,1,0
balanced-v3,balanced-v3,B,3,late,late,1,15,88,16,72,195,6685,56.0,41,0,0
balanced-v3,balanced-v3,B,3,late,late,2,15,76,9,67,245,5714,54.0,35,2,0
balanced-v3,balanced-v3,B,3,late,late,3,15,57,9,48,163,4766,43.5,36,1,0
balanced-v3,balanced-v3,B,3,late,late,4,15,48,4,44,179,3978,33.5,26,1,0
balanced-v3,balanced-v3,B,3,late,middle,5,15,24,5,19,60,2070,19.5,13,3,0
balanced-v3,balanced-v3,B,3,late,middle,6,15,25,2,23,79,2068,15.5,13,0,0
balanced-v3,balanced-v3,B,3,late,middle,7,15,14,2,12,34,1435,11.5,9,0,0
balanced-v3,balanced-v3,B,3,late,middle,8,15,7,1,6,7,631,5.5,4,0,0
balanced-v3,balanced-v3,B,3,late,middle,9,15,1,0,1,2,143,1.0,1,0,0
balanced-v3,balanced-v3,B,3,middle,early,10,15,74,5,69,216,6324,57.5,44,1,0
balanced-v3,balanced-v3,B,3,middle,early,11,15,55,8,47,165,4910,42.5,32,1,0
balanced-v3,balanced-v3,B,3,middle,early,12,15,18,5,13,31,1514,13.5,9,0,0
balanced-v3,balanced-v3,B,3,middle,early,13,15,5,1,4,13,555,4.0,3,0,0
balanced-v3,balanced-v3,B,3,middle,early,14,15,3,0,3,3,195,1.5,0,0,0
balanced-v3,balanced-v3,B,3,middle,late,0,15,4,0,4,7,354,4.0,4,0,0
balanced-v3,balanced-v3,B,3,middle,late,1,15,15,2,13,26,1259,13.5,12,0,0
balanced-v3,balanced-v3,B,3,middle,late,2,15,35,2,33,126,2592,27.0,24,0,0
balanced-v3,balanced-v3,B,3,middle,late,3,15,43,6,37,183,3196,27.5,16,0,0
balanced-v3,balanced-v3,B,3,middle,late,4,15,65,5,60,235,5093,52.0,43,0,0
balanced-v3,balanced-v3,B,3,middle,middle,5,15,79,4,75,302,6034,59.0,46,1,0
balanced-v3,balanced-v3,B,3,middle,middle,6,15,92,6,86,354,7181,72.0,59,1,0
balanced-v3,balanced-v3,B,3,middle,middle,7,15,124,13,111,440,9646,92.0,74,3,0
balanced-v3,balanced-v3,B,3,middle,middle,8,15,101,6,95,378,8504,78.0,62,1,0
balanced-v3,balanced-v3,B,3,middle,middle,9,15,100,17,83,280,8433,69.0,55,0,0
balanced-v3,balanced-v3,B,4,early,early,10,14,93,13,80,369,5089,65.9999999999999979,43,2,0
balanced-v3,balanced-v3,B,4,early,early,11,14,127,16,111,432,7617,95.3333333333333296,53,3,0
balanced-v3,balanced-v3,B,4,early,early,12,14,129,15,114,446,7517,92.3333333333333300,55,1,0
balanced-v3,balanced-v3,B,4,early,early,13,14,110,18,92,204,6500,78.9999999999999972,52,2,0
balanced-v3,balanced-v3,B,4,early,early,14,14,61,27,34,61,3879,46.6666666666666655,28,5,0
balanced-v3,balanced-v3,B,4,early,middle,6,14,3,0,3,21,138,2.3333333333333332,1,0,0
balanced-v3,balanced-v3,B,4,early,middle,7,14,18,0,18,114,1011,14.6666666666666664,11,1,0
balanced-v3,balanced-v3,B,4,early,middle,8,14,34,3,31,176,1752,24.3333333333333322,14,0,0
balanced-v3,balanced-v3,B,4,early,middle,9,14,47,2,45,211,2552,33.9999999999999994,27,1,0
balanced-v3,balanced-v3,B,4,late,late,0,14,117,0,117,373,6635,81.3333333333333304,48,4,0
balanced-v3,balanced-v3,B,4,late,late,1,14,105,20,85,286,6115,73.6666666666666639,46,0,0
balanced-v3,balanced-v3,B,4,late,late,2,14,94,21,73,300,5614,67.9999999999999977,42,3,0
balanced-v3,balanced-v3,B,4,late,late,3,14,70,15,55,241,4010,48.3333333333333313,25,2,0
balanced-v3,balanced-v3,B,4,late,late,4,14,46,9,37,110,2729,30.3333333333333323,20,0,0
balanced-v3,balanced-v3,B,4,late,middle,5,14,25,6,19,84,1483,18.3333333333333329,12,2,0
balanced-v3,balanced-v3,B,4,late,middle,6,14,12,4,8,24,798,10.6666666666666665,6,3,0
balanced-v3,balanced-v3,B,4,late,middle,7,14,5,0,5,11,246,2.6666666666666665,1,0,0
balanced-v3,balanced-v3,B,4,middle,early,10,14,77,13,64,214,4979,60.6666666666666645,39,1,0
balanced-v3,balanced-v3,B,4,middle,early,11,14,24,5,19,58,1537,17.3333333333333328,9,3,0
balanced-v3,balanced-v3,B,4,middle,early,12,14,9,3,6,25,630,8.3333333333333332,7,0,0
balanced-v3,balanced-v3,B,4,middle,early,13,14,2,0,2,2,98,1.3333333333333333,0,1,0
balanced-v3,balanced-v3,B,4,middle,late,0,14,12,0,12,36,659,10.3333333333333330,7,0,0
balanced-v3,balanced-v3,B,4,middle,late,1,14,25,0,25,104,1362,20.9999999999999996,16,1,0
balanced-v3,balanced-v3,B,4,middle,late,2,14,50,5,45,172,2594,38.3333333333333321,26,0,0
balanced-v3,balanced-v3,B,4,middle,late,3,14,86,12,74,310,4785,62.6666666666666642,34,5,0
balanced-v3,balanced-v3,B,4,middle,late,4,14,113,10,103,442,6280,83.9999999999999968,54,0,0
balanced-v3,balanced-v3,B,4,middle,middle,5,14,112,7,105,428,6324,79.9999999999999967,45,1,0
balanced-v3,balanced-v3,B,4,middle,middle,6,14,156,19,137,531,9376,115.6666666666666632,80,2,0
balanced-v3,balanced-v3,B,4,middle,middle,7,14,137,16,121,471,8053,101.3333333333333297,58,7,0
balanced-v3,balanced-v3,B,4,middle,middle,8,14,145,21,124,468,8437,99.3333333333333294,58,3,0
balanced-v3,balanced-v3,B,4,middle,middle,9,14,81,14,67,230,5035,58.6666666666666652,40,2,0
balanced-v3,balanced-v3,B,5,early,early,10,15,74,3,71,362,3728,58.75,35,1,0
balanced-v3,balanced-v3,B,5,early,early,11,15,112,17,95,455,5414,85.25,44,1,0
balanced-v3,balanced-v3,B,5,early,early,12,15,125,19,106,423,6393,93.75,51,2,0
balanced-v3,balanced-v3,B,5,early,early,13,15,143,21,122,500,7490,112.75,64,3,0
balanced-v3,balanced-v3,B,5,early,early,14,15,131,20,111,271,6716,95.50,52,3,0
balanced-v3,balanced-v3,B,5,early,early,15,15,71,37,34,64,3762,51.25,27,0,0
balanced-v3,balanced-v3,B,5,early,middle,5,15,1,0,1,7,54,0.5,0,0,0
balanced-v3,balanced-v3,B,5,early,middle,7,15,8,0,8,39,419,7.25,6,0,0
balanced-v3,balanced-v3,B,5,early,middle,8,15,26,1,25,132,1236,21.25,12,0,0
balanced-v3,balanced-v3,B,5,early,middle,9,15,51,0,51,274,2600,40.00,27,0,0
balanced-v3,balanced-v3,B,5,late,late,0,15,137,3,134,355,6919,102.75,56,2,0
balanced-v3,balanced-v3,B,5,late,late,1,15,150,29,121,369,7425,111.00,55,2,0
balanced-v3,balanced-v3,B,5,late,late,2,15,107,15,92,317,5214,77.50,36,0,0
balanced-v3,balanced-v3,B,5,late,late,3,15,73,15,58,201,3784,55.25,31,1,0
balanced-v3,balanced-v3,B,5,late,late,4,15,61,6,55,183,3267,43.50,22,0,0
balanced-v3,balanced-v3,B,5,late,middle,5,15,35,4,31,105,1780,24.75,13,0,0
balanced-v3,balanced-v3,B,5,late,middle,6,15,38,5,33,99,2078,28.50,16,0,0
balanced-v3,balanced-v3,B,5,late,middle,7,15,8,2,6,16,404,4.75,4,0,0
balanced-v3,balanced-v3,B,5,late,middle,8,15,5,0,5,17,284,4.00,1,0,0
balanced-v3,balanced-v3,B,5,late,middle,9,15,4,2,2,5,229,3.25,1,0,0
balanced-v3,balanced-v3,B,5,middle,early,10,15,98,10,88,286,5322,75.50,35,1,0
balanced-v3,balanced-v3,B,5,middle,early,11,15,61,12,49,151,3283,44.00,21,0,0
balanced-v3,balanced-v3,B,5,middle,early,12,15,26,5,21,49,1398,19.25,6,0,0
balanced-v3,balanced-v3,B,5,middle,early,13,15,7,2,5,15,399,4.75,3,0,0
balanced-v3,balanced-v3,B,5,middle,early,14,15,1,0,1,4,38,0.5,0,0,0
balanced-v3,balanced-v3,B,5,middle,late,0,15,8,0,8,23,404,6.50,4,0,0
balanced-v3,balanced-v3,B,5,middle,late,1,15,30,5,25,91,1459,25.00,18,1,0
balanced-v3,balanced-v3,B,5,middle,late,2,15,37,4,33,132,1785,27.50,13,1,0
balanced-v3,balanced-v3,B,5,middle,late,3,15,86,11,75,284,4256,69.25,42,1,0
balanced-v3,balanced-v3,B,5,middle,late,4,15,106,11,95,367,5272,78.75,45,2,0
balanced-v3,balanced-v3,B,5,middle,middle,5,15,131,16,115,465,6613,100.25,58,2,0
balanced-v3,balanced-v3,B,5,middle,middle,6,15,138,12,126,481,6853,105.25,57,2,0
balanced-v3,balanced-v3,B,5,middle,middle,7,15,198,36,162,628,10002,146.75,85,4,0
balanced-v3,balanced-v3,B,5,middle,middle,8,15,156,18,138,531,7936,122.00,69,2,0
balanced-v3,balanced-v3,B,5,middle,middle,9,15,117,17,100,343,6143,87.50,48,1,0
balanced-v3,balanced-v3,C,3,early,early,10,15,47,5,42,209,3295,32.0,26,0,0
balanced-v3,balanced-v3,C,3,early,early,11,15,80,13,67,258,5579,54.5,39,3,0
balanced-v3,balanced-v3,C,3,early,early,12,15,93,13,80,285,6637,64.5,52,0,0
balanced-v3,balanced-v3,C,3,early,early,13,15,84,10,74,266,6066,56.5,40,1,0
balanced-v3,balanced-v3,C,3,early,early,14,15,76,8,68,130,5513,52.0,38,0,0
balanced-v3,balanced-v3,C,3,early,early,15,15,54,26,28,41,4096,41.0,29,2,0
balanced-v3,balanced-v3,C,3,early,middle,7,15,2,0,2,18,106,1.5,1,0,0
balanced-v3,balanced-v3,C,3,early,middle,8,15,5,0,5,28,351,4.5,4,0,0
balanced-v3,balanced-v3,C,3,early,middle,9,15,34,2,32,134,2234,24.0,19,0,0
balanced-v3,balanced-v3,C,3,late,late,0,15,86,3,83,265,6010,57.5,42,1,0
balanced-v3,balanced-v3,C,3,late,late,1,15,86,16,70,256,6144,61.0,48,2,0
balanced-v3,balanced-v3,C,3,late,late,2,15,91,19,72,269,6324,55.5,36,2,0
balanced-v3,balanced-v3,C,3,late,late,3,15,52,7,45,175,3714,35.5,25,0,0
balanced-v3,balanced-v3,C,3,late,late,4,15,49,10,39,131,3686,34.5,24,1,0
balanced-v3,balanced-v3,C,3,late,middle,5,15,31,4,27,95,2351,20.0,13,2,0
balanced-v3,balanced-v3,C,3,late,middle,6,15,10,3,7,14,826,7.5,5,0,0
balanced-v3,balanced-v3,C,3,late,middle,7,15,5,0,5,17,389,2.5,2,0,0
balanced-v3,balanced-v3,C,3,late,middle,9,15,1,0,1,0,58,0.0,0,0,0
balanced-v3,balanced-v3,C,3,middle,early,10,15,75,10,65,251,5477,48.5,35,2,0
balanced-v3,balanced-v3,C,3,middle,early,11,15,33,4,29,70,2765,26.0,20,0,0
balanced-v3,balanced-v3,C,3,middle,early,12,15,15,7,8,26,1143,10.0,6,0,0
balanced-v3,balanced-v3,C,3,middle,early,13,15,5,2,3,9,396,3.5,2,0,0
balanced-v3,balanced-v3,C,3,middle,late,0,15,6,0,6,17,446,5.5,5,0,0
balanced-v3,balanced-v3,C,3,middle,late,1,15,10,1,9,40,646,9.5,9,0,0
balanced-v3,balanced-v3,C,3,middle,late,2,15,21,3,18,78,1385,16.5,14,0,0
balanced-v3,balanced-v3,C,3,middle,late,3,15,33,4,29,163,2163,21.0,16,0,0
balanced-v3,balanced-v3,C,3,middle,late,4,15,71,7,64,262,4786,51.5,42,0,0
balanced-v3,balanced-v3,C,3,middle,middle,5,15,95,15,80,343,6376,66.5,54,1,0
balanced-v3,balanced-v3,C,3,middle,middle,6,15,105,12,93,336,7263,70.0,45,1,0
balanced-v3,balanced-v3,C,3,middle,middle,7,15,130,12,118,414,9781,101.5,83,2,0
balanced-v3,balanced-v3,C,3,middle,middle,8,15,110,10,100,405,7662,72.5,49,3,0
balanced-v3,balanced-v3,C,3,middle,middle,9,15,93,7,86,265,7499,71.5,60,0,0
balanced-v3,balanced-v3,C,4,early,early,10,14,127,14,113,503,6930,96.9999999999999964,57,3,0
balanced-v3,balanced-v3,C,4,early,early,11,14,102,10,92,353,5931,76.6666666666666637,46,1,0
balanced-v3,balanced-v3,C,4,early,early,12,14,132,24,108,419,7355,97.3333333333333288,55,4,0
balanced-v3,balanced-v3,C,4,early,early,13,14,88,9,79,154,4837,56.6666666666666634,28,3,0
balanced-v3,balanced-v3,C,4,early,early,14,14,44,23,21,37,2718,32.6666666666666656,19,0,0
balanced-v3,balanced-v3,C,4,early,middle,5,14,1,0,1,11,43,0.6666666666666666,0,0,0
balanced-v3,balanced-v3,C,4,early,middle,6,14,2,0,2,14,93,1.3333333333333332,0,0,0
balanced-v3,balanced-v3,C,4,early,middle,7,14,14,0,14,89,717,9.3333333333333328,4,0,0
balanced-v3,balanced-v3,C,4,early,middle,8,14,42,4,38,182,2102,30.6666666666666656,13,4,0
balanced-v3,balanced-v3,C,4,early,middle,9,14,66,5,61,294,3565,46.9999999999999982,27,1,0
balanced-v3,balanced-v3,C,4,late,late,0,14,116,2,114,396,6464,85.3333333333333294,47,3,0
balanced-v3,balanced-v3,C,4,late,late,1,14,85,17,68,244,4872,63.9999999999999978,41,1,0
balanced-v3,balanced-v3,C,4,late,late,2,14,69,17,52,205,3750,46.3333333333333310,21,1,0
balanced-v3,balanced-v3,C,4,late,late,3,14,52,12,40,149,3064,41.6666666666666656,27,2,0
balanced-v3,balanced-v3,C,4,late,late,4,14,41,4,37,114,2430,30.3333333333333323,19,1,0
balanced-v3,balanced-v3,C,4,late,middle,5,14,17,3,14,65,1024,12.6666666666666661,7,0,0
balanced-v3,balanced-v3,C,4,late,middle,6,14,2,0,2,5,99,1.0,1,0,0
balanced-v3,balanced-v3,C,4,late,middle,7,14,5,0,5,10,493,3.6666666666666666,3,0,0
balanced-v3,balanced-v3,C,4,middle,early,10,14,49,8,41,131,3208,37.9999999999999985,24,0,0
balanced-v3,balanced-v3,C,4,middle,early,11,14,12,1,11,55,774,7.9999999999999998,6,0,0
balanced-v3,balanced-v3,C,4,middle,early,12,14,4,0,4,3,211,1.6666666666666666,1,0,0
balanced-v3,balanced-v3,C,4,middle,late,0,14,15,0,15,56,707,9.6666666666666662,5,0,0
balanced-v3,balanced-v3,C,4,middle,late,1,14,36,4,32,124,1836,27.3333333333333322,14,1,0
balanced-v3,balanced-v3,C,4,middle,late,2,14,60,6,54,217,3223,44.6666666666666649,23,4,0
balanced-v3,balanced-v3,C,4,middle,late,3,14,96,14,82,351,5014,67.3333333333333299,29,3,0
balanced-v3,balanced-v3,C,4,middle,late,4,14,120,21,99,403,6412,88.3333333333333295,48,2,0
balanced-v3,balanced-v3,C,4,middle,middle,5,14,126,13,113,432,7318,97.3333333333333298,59,1,0
balanced-v3,balanced-v3,C,4,middle,middle,6,14,153,15,138,530,8395,110.6666666666666619,59,5,0
balanced-v3,balanced-v3,C,4,middle,middle,7,14,145,18,127,469,7665,103.6666666666666623,55,6,0
balanced-v3,balanced-v3,C,4,middle,middle,8,14,136,22,114,439,8249,102.6666666666666639,69,3,0
balanced-v3,balanced-v3,C,4,middle,middle,9,14,80,10,70,214,4471,52.9999999999999972,26,1,0
balanced-v3,balanced-v3,C,5,early,early,10,15,62,3,59,257,2610,46.00,21,4,0
balanced-v3,balanced-v3,C,5,early,early,11,15,114,11,103,449,4947,80.25,42,2,0
balanced-v3,balanced-v3,C,5,early,early,12,15,126,10,116,391,5690,94.25,50,7,0
balanced-v3,balanced-v3,C,5,early,early,13,15,171,27,144,516,7383,120.00,53,7,0
balanced-v3,balanced-v3,C,5,early,early,14,15,135,27,108,184,6057,97.25,46,6,0
balanced-v3,balanced-v3,C,5,early,early,15,15,62,33,29,51,2779,43.50,20,2,0
balanced-v3,balanced-v3,C,5,early,middle,6,15,1,0,1,5,35,0.75,0,0,0
balanced-v3,balanced-v3,C,5,early,middle,7,15,2,0,2,8,78,1.25,1,0,0
balanced-v3,balanced-v3,C,5,early,middle,8,15,22,1,21,99,884,17.00,9,1,0
balanced-v3,balanced-v3,C,5,early,middle,9,15,38,2,36,177,1521,26.75,12,1,0
balanced-v3,balanced-v3,C,5,late,late,0,15,136,3,133,386,5947,97.50,46,6,0
balanced-v3,balanced-v3,C,5,late,late,1,15,139,27,112,370,5883,95.50,44,4,0
balanced-v3,balanced-v3,C,5,late,late,2,15,121,24,97,363,5068,81.25,34,8,0
balanced-v3,balanced-v3,C,5,late,late,3,15,88,19,69,278,3923,64.00,29,5,0
balanced-v3,balanced-v3,C,5,late,late,4,15,61,9,52,177,2705,44.75,19,4,0
balanced-v3,balanced-v3,C,5,late,middle,5,15,55,14,41,137,2483,38.75,14,4,0
balanced-v3,balanced-v3,C,5,late,middle,6,15,27,7,20,50,1239,21.00,11,0,0
balanced-v3,balanced-v3,C,5,late,middle,7,15,10,2,8,21,340,4.50,0,0,0
balanced-v3,balanced-v3,C,5,late,middle,8,15,5,2,3,7,222,3.75,1,0,0
balanced-v3,balanced-v3,C,5,middle,early,10,15,113,23,90,297,5334,86.75,45,8,0
balanced-v3,balanced-v3,C,5,middle,early,11,15,56,5,51,127,2679,39.75,20,1,0
balanced-v3,balanced-v3,C,5,middle,early,12,15,24,4,20,55,996,16.00,4,4,0
balanced-v3,balanced-v3,C,5,middle,early,13,15,6,1,5,14,314,4.75,3,0,0
balanced-v3,balanced-v3,C,5,middle,late,0,15,7,0,7,24,263,5.00,3,0,0
balanced-v3,balanced-v3,C,5,middle,late,1,15,17,2,15,64,687,12.00,5,1,0
balanced-v3,balanced-v3,C,5,middle,late,2,15,38,4,34,126,1569,26.00,12,1,0
balanced-v3,balanced-v3,C,5,middle,late,3,15,80,7,73,308,3268,54.25,24,3,0
balanced-v3,balanced-v3,C,5,middle,late,4,15,94,9,85,301,3970,71.00,36,2,0
balanced-v3,balanced-v3,C,5,middle,middle,5,15,137,15,122,492,5628,91.75,43,7,0
balanced-v3,balanced-v3,C,5,middle,middle,6,15,156,25,131,455,6948,119.00,56,11,0
balanced-v3,balanced-v3,C,5,middle,middle,7,15,184,27,157,595,8048,132.75,69,4,0
balanced-v3,balanced-v3,C,5,middle,middle,8,15,165,28,137,508,7119,116.50,47,11,0
balanced-v3,balanced-v3,C,5,middle,middle,9,15,127,21,106,347,5598,87.75,45,0,0
balanced-v3,balanced-v3,D,3,early,early,10,15,54,3,51,291,5310,45.5,37,0,0
balanced-v3,balanced-v3,D,3,early,early,11,15,75,7,68,368,6762,52.5,37,0,0
balanced-v3,balanced-v3,D,3,early,early,12,15,106,14,92,461,10039,83.5,68,0,0
balanced-v3,balanced-v3,D,3,early,early,13,15,86,15,71,358,7876,65.0,50,1,0
balanced-v3,balanced-v3,D,3,early,early,14,15,81,14,67,202,7811,60.5,42,2,0
balanced-v3,balanced-v3,D,3,early,early,15,15,54,26,28,37,5018,36.5,27,3,0
balanced-v3,balanced-v3,D,3,early,middle,7,15,1,0,1,7,92,1.0,1,0,0
balanced-v3,balanced-v3,D,3,early,middle,8,15,7,0,7,53,655,6.0,5,0,0
balanced-v3,balanced-v3,D,3,early,middle,9,15,22,0,22,155,1967,16.0,13,0,0
balanced-v3,balanced-v3,D,3,late,late,0,15,84,2,82,211,7801,64.0,50,1,0
balanced-v3,balanced-v3,D,3,late,late,1,15,104,24,80,261,9227,75.5,55,1,0
balanced-v3,balanced-v3,D,3,late,late,2,15,64,6,58,187,5847,48.5,41,0,0
balanced-v3,balanced-v3,D,3,late,late,3,15,70,6,64,260,6097,50.0,35,3,0
balanced-v3,balanced-v3,D,3,late,late,4,15,36,3,33,113,3241,26.5,18,0,0
balanced-v3,balanced-v3,D,3,late,middle,5,15,37,0,37,140,3352,26.0,18,1,0
balanced-v3,balanced-v3,D,3,late,middle,6,15,11,2,9,24,993,9.0,7,0,0
balanced-v3,balanced-v3,D,3,late,middle,7,15,6,0,6,22,667,5.5,4,1,0
balanced-v3,balanced-v3,D,3,late,middle,8,15,5,0,5,15,637,4.5,3,1,0
balanced-v3,balanced-v3,D,3,late,middle,9,15,3,0,3,13,207,1.5,0,0,0
balanced-v3,balanced-v3,D,3,middle,early,10,15,69,13,56,248,6800,56.0,45,2,0
balanced-v3,balanced-v3,D,3,middle,early,11,15,29,4,25,82,2897,22.0,13,3,0
balanced-v3,balanced-v3,D,3,middle,early,12,15,17,3,14,34,1849,12.5,10,2,0
balanced-v3,balanced-v3,D,3,middle,early,13,15,5,0,5,13,529,3.5,2,0,0
balanced-v3,balanced-v3,D,3,middle,late,0,15,5,0,5,12,456,3.5,2,0,0
balanced-v3,balanced-v3,D,3,middle,late,1,15,19,1,18,61,1719,14.5,10,0,0
balanced-v3,balanced-v3,D,3,middle,late,2,15,25,1,24,73,2414,18.5,12,0,0
balanced-v3,balanced-v3,D,3,middle,late,3,15,57,3,54,222,5236,40.5,30,0,0
balanced-v3,balanced-v3,D,3,middle,late,4,15,65,9,56,221,6103,53.0,45,0,0
balanced-v3,balanced-v3,D,3,middle,middle,5,15,85,7,78,332,7834,63.0,46,0,0
balanced-v3,balanced-v3,D,3,middle,middle,6,15,125,11,114,475,11674,95.0,77,0,0
balanced-v3,balanced-v3,D,3,middle,middle,7,15,100,7,93,411,9461,78.0,63,0,0
balanced-v3,balanced-v3,D,3,middle,middle,8,15,111,7,104,472,9981,78.5,55,1,0
balanced-v3,balanced-v3,D,3,middle,middle,9,15,93,11,82,335,8826,71.5,58,0,0
balanced-v3,balanced-v3,D,4,early,early,10,14,86,9,77,410,5202,58.6666666666666642,31,2,0
balanced-v3,balanced-v3,D,4,early,early,11,14,118,21,97,454,7595,83.9999999999999956,44,1,0
balanced-v3,balanced-v3,D,4,early,early,12,14,126,14,112,545,8159,90.3333333333333289,50,4,0
balanced-v3,balanced-v3,D,4,early,early,13,14,80,8,72,207,5228,57.3333333333333302,28,2,0
balanced-v3,balanced-v3,D,4,early,early,14,14,68,37,31,48,4412,44.3333333333333312,19,2,0
balanced-v3,balanced-v3,D,4,early,middle,6,14,3,0,3,22,187,2.3333333333333333,2,0,0
balanced-v3,balanced-v3,D,4,early,middle,7,14,21,2,19,128,1374,16.3333333333333329,12,0,0
balanced-v3,balanced-v3,D,4,early,middle,8,14,45,2,43,201,2931,33.6666666666666656,22,1,0
balanced-v3,balanced-v3,D,4,early,middle,9,14,78,4,74,401,4950,55.9999999999999972,26,4,0
balanced-v3,balanced-v3,D,4,late,early,10,14,1,0,1,0,97,0.6666666666666666,0,0,0
balanced-v3,balanced-v3,D,4,late,late,0,14,112,3,109,351,7091,78.6666666666666631,41,2,0
balanced-v3,balanced-v3,D,4,late,late,1,14,96,19,77,278,6149,68.6666666666666635,35,2,0
balanced-v3,balanced-v3,D,4,late,late,2,14,80,11,69,233,5115,53.6666666666666644,29,1,0
balanced-v3,balanced-v3,D,4,late,late,3,14,59,7,52,181,3905,42.6666666666666650,25,0,0
balanced-v3,balanced-v3,D,4,late,late,4,14,32,4,28,94,2335,25.9999999999999988,14,0,0
balanced-v3,balanced-v3,D,4,late,middle,5,14,14,1,13,29,898,7.3333333333333329,3,0,0
balanced-v3,balanced-v3,D,4,late,middle,6,14,8,1,7,23,608,6.3333333333333330,3,0,0
balanced-v3,balanced-v3,D,4,late,middle,7,14,1,0,1,1,72,0.6666666666666666,0,0,0
balanced-v3,balanced-v3,D,4,late,middle,8,14,1,0,1,9,97,0.6666666666666666,0,0,0
balanced-v3,balanced-v3,D,4,late,middle,9,14,2,0,2,4,194,1.3333333333333332,0,0,0
balanced-v3,balanced-v3,D,4,middle,early,10,14,48,9,39,161,3302,33.9999999999999986,19,1,0
balanced-v3,balanced-v3,D,4,middle,early,11,14,16,5,11,26,1220,12.9999999999999996,9,0,0
balanced-v3,balanced-v3,D,4,middle,early,12,14,5,1,4,8,341,3.3333333333333330,0,0,0
balanced-v3,balanced-v3,D,4,middle,early,13,14,4,3,1,4,388,2.6666666666666666,0,0,0
balanced-v3,balanced-v3,D,4,middle,late,0,14,14,0,14,47,888,9.3333333333333329,3,2,0
balanced-v3,balanced-v3,D,4,middle,late,1,14,38,5,33,119,2426,29.9999999999999987,17,1,0
balanced-v3,balanced-v3,D,4,middle,late,2,14,66,8,58,270,3965,42.6666666666666646,19,2,0
balanced-v3,balanced-v3,D,4,middle,late,3,14,92,11,81,345,5749,69.6666666666666639,37,6,0
balanced-v3,balanced-v3,D,4,middle,late,4,14,128,9,119,512,7924,89.3333333333333289,40,2,0
balanced-v3,balanced-v3,D,4,middle,middle,5,14,135,8,127,595,8538,94.3333333333333298,54,4,0
balanced-v3,balanced-v3,D,4,middle,middle,6,14,165,13,152,675,11107,124.6666666666666615,66,4,0
balanced-v3,balanced-v3,D,4,middle,middle,7,14,136,24,112,484,8515,94.3333333333333293,52,3,0
balanced-v3,balanced-v3,D,4,middle,middle,8,14,101,18,83,370,6409,69.3333333333333301,35,2,0
balanced-v3,balanced-v3,D,4,middle,middle,9,14,64,6,58,222,4169,42.9999999999999983,24,1,0
balanced-v3,balanced-v3,D,5,early,early,10,15,69,7,62,312,3808,47.50,24,4,0
balanced-v3,balanced-v3,D,5,early,early,11,15,126,10,116,582,7443,92.50,43,1,0
balanced-v3,balanced-v3,D,5,early,early,12,15,146,27,119,526,8680,107.75,54,3,0
balanced-v3,balanced-v3,D,5,early,early,13,15,160,17,143,687,9747,121.75,55,5,0
balanced-v3,balanced-v3,D,5,early,early,14,15,112,17,95,275,7150,87.25,34,8,0
balanced-v3,balanced-v3,D,5,early,early,15,15,67,36,31,50,4197,51.00,24,0,0
balanced-v3,balanced-v3,D,5,early,middle,7,15,5,0,5,23,318,4.25,4,0,0
balanced-v3,balanced-v3,D,5,early,middle,8,15,27,2,25,144,1443,20.00,11,1,0
balanced-v3,balanced-v3,D,5,early,middle,9,15,47,1,46,269,2804,37.75,20,3,0
balanced-v3,balanced-v3,D,5,late,late,0,15,135,2,133,309,8095,101.00,48,4,0
balanced-v3,balanced-v3,D,5,late,late,1,15,149,23,126,348,8867,115.00,57,5,0
balanced-v3,balanced-v3,D,5,late,late,2,15,119,22,97,301,7042,84.25,39,2,0
balanced-v3,balanced-v3,D,5,late,late,3,15,85,12,73,235,5176,65.00,31,4,0
balanced-v3,balanced-v3,D,5,late,late,4,15,65,11,54,188,3887,48.75,21,1,0
balanced-v3,balanced-v3,D,5,late,middle,5,15,27,2,25,104,1696,19.50,8,1,0
balanced-v3,balanced-v3,D,5,late,middle,6,15,25,0,25,58,1688,19.25,7,2,0
balanced-v3,balanced-v3,D,5,late,middle,7,15,13,3,10,28,896,10.75,6,1,0
balanced-v3,balanced-v3,D,5,late,middle,8,15,4,0,4,7,306,3.5,3,0,0
balanced-v3,balanced-v3,D,5,middle,early,10,15,116,11,105,386,7065,88.25,41,2,0
balanced-v3,balanced-v3,D,5,middle,early,11,15,47,5,42,160,3347,38.25,17,2,0
balanced-v3,balanced-v3,D,5,middle,early,12,15,26,4,22,55,1719,19.50,8,0,0
balanced-v3,balanced-v3,D,5,middle,early,13,15,4,1,3,6,304,3.5,2,1,0
balanced-v3,balanced-v3,D,5,middle,late,0,15,7,1,6,28,440,6.00,2,1,0
balanced-v3,balanced-v3,D,5,middle,late,1,15,21,2,19,69,1195,16.25,6,2,0
balanced-v3,balanced-v3,D,5,middle,late,2,15,45,6,39,155,2564,34.00,19,0,0
balanced-v3,balanced-v3,D,5,middle,late,3,15,83,12,71,264,4760,66.00,31,6,0
balanced-v3,balanced-v3,D,5,middle,late,4,15,95,8,87,338,5621,73.00,41,0,0
balanced-v3,balanced-v3,D,5,middle,middle,5,15,141,9,132,493,8429,107.50,54,5,0
balanced-v3,balanced-v3,D,5,middle,middle,6,15,137,15,122,522,7837,100.75,49,6,0
balanced-v3,balanced-v3,D,5,middle,middle,7,15,156,16,140,583,9233,114.25,50,5,0
balanced-v3,balanced-v3,D,5,middle,middle,8,15,165,17,148,538,10188,126.50,56,10,0
balanced-v3,balanced-v3,D,5,middle,middle,9,15,147,18,129,466,9052,107.50,44,4,0
balanced-v3,balanced-v3,E,3,early,early,10,15,67,9,58,314,5817,52.0,36,6,0
balanced-v3,balanced-v3,E,3,early,early,11,15,76,5,71,393,7057,61.5,41,11,0
balanced-v3,balanced-v3,E,3,early,early,12,15,87,14,73,319,7406,63.5,38,9,0
balanced-v3,balanced-v3,E,3,early,early,13,15,100,13,87,388,9128,76.0,55,6,0
balanced-v3,balanced-v3,E,3,early,early,14,15,71,11,60,154,6364,56.0,38,9,0
balanced-v3,balanced-v3,E,3,early,early,15,15,36,19,17,27,3380,25.0,20,0,0
balanced-v3,balanced-v3,E,3,early,middle,6,15,1,0,1,11,92,1.0,1,0,0
balanced-v3,balanced-v3,E,3,early,middle,7,15,6,0,6,34,438,3.5,0,1,0
balanced-v3,balanced-v3,E,3,early,middle,8,15,12,0,12,74,1074,9.0,5,2,0
balanced-v3,balanced-v3,E,3,early,middle,9,15,27,1,26,167,2644,21.5,16,3,0
balanced-v3,balanced-v3,E,3,late,late,0,15,89,5,84,248,7925,63.5,45,5,0
balanced-v3,balanced-v3,E,3,late,late,1,15,82,16,66,205,7529,61.5,47,6,0
balanced-v3,balanced-v3,E,3,late,late,2,15,79,15,64,266,6926,57.5,39,4,0
balanced-v3,balanced-v3,E,3,late,late,3,15,51,2,49,160,4798,41.0,28,7,0
balanced-v3,balanced-v3,E,3,late,late,4,15,39,6,33,118,3350,27.5,15,4,0
balanced-v3,balanced-v3,E,3,late,middle,5,15,28,3,25,98,2593,24.0,19,1,0
balanced-v3,balanced-v3,E,3,late,middle,6,15,15,2,13,24,1437,12.5,9,1,0
balanced-v3,balanced-v3,E,3,late,middle,7,15,5,1,4,8,475,4.5,4,0,0
balanced-v3,balanced-v3,E,3,middle,early,10,15,62,8,54,221,5533,47.5,32,2,0
balanced-v3,balanced-v3,E,3,middle,early,11,15,27,7,20,79,2602,22.0,19,1,0
balanced-v3,balanced-v3,E,3,middle,early,12,15,15,3,12,33,1339,12.5,10,0,0
balanced-v3,balanced-v3,E,3,middle,early,13,15,1,0,1,3,96,1.0,1,0,0
balanced-v3,balanced-v3,E,3,middle,late,0,15,7,0,7,20,546,6.0,1,4,0
balanced-v3,balanced-v3,E,3,middle,late,1,15,10,0,10,55,837,7.0,4,1,0
balanced-v3,balanced-v3,E,3,middle,late,2,15,26,3,23,91,2172,17.0,9,2,0
balanced-v3,balanced-v3,E,3,middle,late,3,15,62,8,54,200,5696,44.5,29,3,0
balanced-v3,balanced-v3,E,3,middle,late,4,15,76,5,71,288,6790,59.5,41,7,0
balanced-v3,balanced-v3,E,3,middle,middle,5,15,92,5,87,383,8092,62.0,38,10,0
balanced-v3,balanced-v3,E,3,middle,middle,6,15,116,9,107,392,10222,92.0,64,12,0
balanced-v3,balanced-v3,E,3,middle,middle,7,15,111,9,102,437,9740,82.0,55,10,0
balanced-v3,balanced-v3,E,3,middle,middle,8,15,112,6,106,398,10304,91.5,66,10,0
balanced-v3,balanced-v3,E,3,middle,middle,9,15,99,9,90,354,9083,78.5,58,11,0
balanced-v3,balanced-v3,E,4,early,early,10,14,107,8,99,476,7282,78.9999999999999971,49,3,0
balanced-v3,balanced-v3,E,4,early,early,11,14,119,16,103,506,7692,91.6666666666666640,57,4,0
balanced-v3,balanced-v3,E,4,early,early,12,14,107,15,92,403,7006,82.3333333333333306,59,1,0
balanced-v3,balanced-v3,E,4,early,early,13,14,104,11,93,283,7033,78.9999999999999965,45,2,0
balanced-v3,balanced-v3,E,4,early,early,14,14,32,14,18,29,2266,26.3333333333333323,16,0,0
balanced-v3,balanced-v3,E,4,early,middle,6,14,3,0,3,24,233,1.9999999999999998,0,0,0
balanced-v3,balanced-v3,E,4,early,middle,7,14,18,0,18,108,1261,14.6666666666666662,10,0,0
balanced-v3,balanced-v3,E,4,early,middle,8,14,56,1,55,294,3715,40.6666666666666654,28,1,0
balanced-v3,balanced-v3,E,4,early,middle,9,14,84,11,73,411,5342,65.9999999999999976,43,0,0
balanced-v3,balanced-v3,E,4,late,late,0,14,107,1,106,297,7154,81.6666666666666639,51,2,0
balanced-v3,balanced-v3,E,4,late,late,1,14,101,14,87,295,6994,76.6666666666666638,48,1,0
balanced-v3,balanced-v3,E,4,late,late,2,14,87,14,73,268,5475,68.3333333333333312,45,2,0
balanced-v3,balanced-v3,E,4,late,late,3,14,60,11,49,159,3960,43.3333333333333314,24,0,0
balanced-v3,balanced-v3,E,4,late,late,4,14,27,4,23,75,1522,16.9999999999999990,6,1,0
balanced-v3,balanced-v3,E,4,late,middle,5,14,13,1,12,24,772,9.3333333333333329,5,0,0
balanced-v3,balanced-v3,E,4,late,middle,6,14,9,0,9,25,506,5.9999999999999998,4,0,0
balanced-v3,balanced-v3,E,4,middle,early,10,14,37,14,23,64,2483,26.9999999999999988,15,0,0
balanced-v3,balanced-v3,E,4,middle,early,11,14,20,10,10,36,1278,12.6666666666666663,9,0,0
balanced-v3,balanced-v3,E,4,middle,late,0,14,16,0,16,62,976,12.9999999999999997,10,0,0
balanced-v3,balanced-v3,E,4,middle,late,1,14,36,7,29,137,2336,29.3333333333333323,18,1,0
balanced-v3,balanced-v3,E,4,middle,late,2,14,47,5,42,179,3342,38.3333333333333322,27,0,0
balanced-v3,balanced-v3,E,4,middle,late,3,14,119,18,101,381,8239,93.9999999999999972,63,3,0
balanced-v3,balanced-v3,E,4,middle,late,4,14,132,12,120,495,8924,100.3333333333333298,61,1,0
balanced-v3,balanced-v3,E,4,middle,middle,5,14,147,12,135,601,9508,112.9999999999999962,67,6,0
balanced-v3,balanced-v3,E,4,middle,middle,6,14,148,15,133,580,9907,113.3333333333333296,72,4,0
balanced-v3,balanced-v3,E,4,middle,middle,7,14,123,13,110,453,8055,93.9999999999999971,64,1,0
balanced-v3,balanced-v3,E,4,middle,middle,8,14,109,16,93,373,7029,84.6666666666666637,55,2,0
balanced-v3,balanced-v3,E,4,middle,middle,9,14,56,6,50,201,3856,43.9999999999999982,27,0,0
balanced-v3,balanced-v3,E,5,early,early,10,15,79,6,73,349,4311,58.00,30,0,0
balanced-v3,balanced-v3,E,5,early,early,11,15,118,16,102,487,5877,80.50,40,0,0
balanced-v3,balanced-v3,E,5,early,early,12,15,114,9,105,443,6538,85.00,47,0,0
balanced-v3,balanced-v3,E,5,early,early,13,15,163,29,134,565,8601,117.75,61,0,0
balanced-v3,balanced-v3,E,5,early,early,14,15,136,17,119,329,8116,101.25,58,0,0
balanced-v3,balanced-v3,E,5,early,early,15,15,71,38,33,55,3742,50.00,21,0,0
balanced-v3,balanced-v3,E,5,early,middle,7,15,6,0,6,43,281,4.50,2,0,0
balanced-v3,balanced-v3,E,5,early,middle,8,15,17,1,16,98,838,12.00,5,0,0
balanced-v3,balanced-v3,E,5,early,middle,9,15,51,4,47,243,2565,35.25,16,0,0
balanced-v3,balanced-v3,E,5,late,late,0,15,137,4,133,346,7392,97.00,48,0,0
balanced-v3,balanced-v3,E,5,late,late,1,15,124,22,102,283,6479,86.75,39,0,0
balanced-v3,balanced-v3,E,5,late,late,2,15,136,23,113,396,7413,97.00,46,0,0
balanced-v3,balanced-v3,E,5,late,late,3,15,78,8,70,232,4047,55.00,31,0,0
balanced-v3,balanced-v3,E,5,late,late,4,15,80,12,68,247,3909,53.50,18,0,0
balanced-v3,balanced-v3,E,5,late,middle,5,15,52,7,45,148,2681,34.50,19,0,0
balanced-v3,balanced-v3,E,5,late,middle,6,15,37,4,33,101,1791,25.50,14,0,0
balanced-v3,balanced-v3,E,5,late,middle,7,15,11,3,8,24,499,5.75,0,0,0
balanced-v3,balanced-v3,E,5,late,middle,8,15,5,2,3,1,198,2.0,1,0,0
balanced-v3,balanced-v3,E,5,middle,early,10,15,120,21,99,361,6403,79.50,34,0,0
balanced-v3,balanced-v3,E,5,middle,early,11,15,50,3,47,154,2986,37.50,23,0,0
balanced-v3,balanced-v3,E,5,middle,early,12,15,26,6,20,55,1676,20.75,12,0,0
balanced-v3,balanced-v3,E,5,middle,early,13,15,10,1,9,21,575,7.00,4,0,0
balanced-v3,balanced-v3,E,5,middle,early,14,15,2,0,2,4,110,1.50,0,0,0
balanced-v3,balanced-v3,E,5,middle,late,0,15,8,0,8,20,430,6.50,4,0,0
balanced-v3,balanced-v3,E,5,middle,late,1,15,15,2,13,43,698,11.50,6,0,0
balanced-v3,balanced-v3,E,5,middle,late,2,15,35,0,35,96,2020,26.25,15,0,0
balanced-v3,balanced-v3,E,5,middle,late,3,15,66,9,57,207,3630,51.25,31,0,0
balanced-v3,balanced-v3,E,5,middle,late,4,15,94,15,79,289,5125,68.00,31,0,0
balanced-v3,balanced-v3,E,5,middle,middle,5,15,133,17,116,456,7696,101.00,55,0,0
balanced-v3,balanced-v3,E,5,middle,middle,6,15,145,15,130,509,7612,97.00,44,0,0
balanced-v3,balanced-v3,E,5,middle,middle,7,15,192,29,163,664,10247,139.25,66,0,0
balanced-v3,balanced-v3,E,5,middle,middle,8,15,160,18,142,553,8705,117.75,66,0,0
balanced-v3,balanced-v3,E,5,middle,middle,9,15,141,27,114,384,7219,94.00,46,0,0
passive-v1,passive-v1,A,3,early,early,10,15,58,5,53,291,3919,31.0,20,4,0
passive-v1,passive-v1,A,3,early,early,11,15,67,5,62,308,4601,34.5,20,1,0
passive-v1,passive-v1,A,3,early,early,12,15,117,15,102,564,8025,58.0,29,3,0
passive-v1,passive-v1,A,3,early,early,13,15,130,22,108,743,9381,64.0,32,2,0
passive-v1,passive-v1,A,3,early,early,14,15,95,12,83,416,6979,50.0,25,0,0
passive-v1,passive-v1,A,3,early,early,15,15,44,26,18,210,3110,19.5,11,0,0
passive-v1,passive-v1,A,3,early,middle,7,15,2,0,2,12,169,1.5,1,0,0
passive-v1,passive-v1,A,3,early,middle,8,15,8,0,8,44,610,6.5,3,2,0
passive-v1,passive-v1,A,3,early,middle,9,15,23,3,20,113,1636,14.0,9,2,0
passive-v1,passive-v1,A,3,late,late,0,15,87,10,77,212,6133,43.5,25,2,0
passive-v1,passive-v1,A,3,late,late,1,15,93,18,75,202,6771,50.5,30,2,0
passive-v1,passive-v1,A,3,late,late,2,15,75,17,58,171,5218,34.0,19,1,0
passive-v1,passive-v1,A,3,late,late,3,15,77,18,59,185,5463,42.5,26,3,0
passive-v1,passive-v1,A,3,late,late,4,15,51,8,43,137,3562,19.5,9,0,0
passive-v1,passive-v1,A,3,late,middle,5,15,25,5,20,54,1941,12.5,7,0,0
passive-v1,passive-v1,A,3,late,middle,6,15,19,3,16,38,1492,9.0,6,0,0
passive-v1,passive-v1,A,3,late,middle,7,15,9,1,8,24,649,3.0,0,0,0
passive-v1,passive-v1,A,3,late,middle,8,15,1,0,1,1,67,0.5,0,0,0
passive-v1,passive-v1,A,3,middle,early,10,15,80,21,59,190,5786,36.0,19,0,0
passive-v1,passive-v1,A,3,middle,early,11,15,49,9,40,166,3839,26.5,15,0,0
passive-v1,passive-v1,A,3,middle,early,12,15,25,3,22,56,1867,14.0,6,0,0
passive-v1,passive-v1,A,3,middle,early,13,15,14,2,12,48,1117,5.0,1,0,0
passive-v1,passive-v1,A,3,middle,early,14,15,5,1,4,3,380,2.5,0,0,0
passive-v1,passive-v1,A,3,middle,late,0,15,5,0,5,15,342,3.5,2,0,0
passive-v1,passive-v1,A,3,middle,late,1,15,6,0,6,11,396,4.0,2,0,0
passive-v1,passive-v1,A,3,middle,late,2,15,15,2,13,48,1029,9.0,6,1,0
passive-v1,passive-v1,A,3,middle,late,3,15,41,8,33,90,2996,26.0,17,2,0
passive-v1,passive-v1,A,3,middle,late,4,15,68,9,59,171,4917,42.5,29,2,0
passive-v1,passive-v1,A,3,middle,middle,5,15,77,11,66,213,5224,38.0,19,3,0
passive-v1,passive-v1,A,3,middle,middle,6,15,103,13,90,315,7495,63.0,38,4,0
passive-v1,passive-v1,A,3,middle,middle,7,15,103,17,86,319,7565,55.5,30,4,0
passive-v1,passive-v1,A,3,middle,middle,8,15,96,4,92,364,6912,54.5,34,0,0
passive-v1,passive-v1,A,3,middle,middle,9,15,71,9,62,269,4679,28.0,12,0,0
passive-v1,passive-v1,A,4,early,early,10,14,112,15,97,508,5948,63.9999999999999962,22,3,0
passive-v1,passive-v1,A,4,early,early,11,14,124,15,109,688,6741,69.6666666666666627,23,3,0
passive-v1,passive-v1,A,4,early,early,12,14,132,9,123,755,7354,74.9999999999999954,25,3,0
passive-v1,passive-v1,A,4,early,early,13,14,123,22,101,482,6661,58.3333333333333296,18,0,0
passive-v1,passive-v1,A,4,early,early,14,14,60,28,32,324,3538,33.3333333333333310,11,0,0
passive-v1,passive-v1,A,4,early,middle,6,14,2,0,2,11,138,1.6666666666666666,0,1,0
passive-v1,passive-v1,A,4,early,middle,7,14,17,1,16,107,876,10.9999999999999995,6,0,0
passive-v1,passive-v1,A,4,early,middle,8,14,32,3,29,163,1680,20.6666666666666659,11,1,0
passive-v1,passive-v1,A,4,early,middle,9,14,70,7,63,379,3866,40.6666666666666643,16,1,0
passive-v1,passive-v1,A,4,late,late,0,14,110,4,106,269,6103,61.6666666666666633,23,2,0
passive-v1,passive-v1,A,4,late,late,1,14,93,12,81,224,5261,54.6666666666666636,19,3,0
passive-v1,passive-v1,A,4,late,late,2,14,83,17,66,193,4654,46.6666666666666638,17,0,0
passive-v1,passive-v1,A,4,late,late,3,14,67,14,53,126,3936,38.9999999999999976,15,0,0
passive-v1,passive-v1,A,4,late,late,4,14,37,9,28,70,2122,19.9999999999999989,9,0,0
passive-v1,passive-v1,A,4,late,middle,5,14,10,4,6,9,611,5.3333333333333330,2,0,0
passive-v1,passive-v1,A,4,late,middle,6,14,5,2,3,11,217,1.9999999999999998,0,0,0
passive-v1,passive-v1,A,4,middle,early,10,14,37,10,27,106,1827,15.6666666666666655,4,0,0
passive-v1,passive-v1,A,4,middle,early,11,14,16,2,14,35,951,8.6666666666666658,2,0,0
passive-v1,passive-v1,A,4,middle,early,12,14,4,2,2,3,208,1.6666666666666665,0,0,0
passive-v1,passive-v1,A,4,middle,early,13,14,2,1,1,0,82,0.3333333333333333,0,0,0
passive-v1,passive-v1,A,4,middle,late,0,14,17,0,17,45,853,10.3333333333333328,4,0,0
passive-v1,passive-v1,A,4,middle,late,1,14,39,2,37,128,1877,21.9999999999999986,6,2,0
passive-v1,passive-v1,A,4,middle,late,2,14,54,7,47,161,2990,34.9999999999999985,18,2,0
passive-v1,passive-v1,A,4,middle,late,3,14,68,3,65,252,3612,39.9999999999999975,13,1,0
passive-v1,passive-v1,A,4,middle,late,4,14,103,11,92,318,5852,63.3333333333333300,26,3,0
passive-v1,passive-v1,A,4,middle,middle,5,14,155,24,131,485,8840,90.9999999999999952,35,4,0
passive-v1,passive-v1,A,4,middle,middle,6,14,132,17,115,460,7356,76.3333333333333287,26,2,0
passive-v1,passive-v1,A,4,middle,middle,7,14,129,18,111,435,7161,74.6666666666666622,23,2,0
passive-v1,passive-v1,A,4,middle,middle,8,14,103,11,92,392,5851,55.9999999999999969,24,1,0
passive-v1,passive-v1,A,4,middle,middle,9,14,93,15,78,317,5360,48.6666666666666635,17,0,0
passive-v1,passive-v1,A,5,early,early,10,15,97,8,89,499,4122,56.75,17,3,0
passive-v1,passive-v1,A,5,early,early,11,15,116,17,99,492,4845,59.25,11,3,0
passive-v1,passive-v1,A,5,early,early,12,15,153,16,137,749,6357,72.25,9,4,0
passive-v1,passive-v1,A,5,early,early,13,15,162,17,145,895,6555,75.50,13,2,0
passive-v1,passive-v1,A,5,early,early,14,15,157,28,129,647,6680,75.25,14,3,0
passive-v1,passive-v1,A,5,early,early,15,15,68,41,27,270,3013,36.75,4,0,0
passive-v1,passive-v1,A,5,early,middle,7,15,3,0,3,12,118,1.75,0,0,0
passive-v1,passive-v1,A,5,early,middle,8,15,17,1,16,79,713,10.50,3,0,0
passive-v1,passive-v1,A,5,early,middle,9,15,36,2,34,164,1343,17.00,1,1,0
passive-v1,passive-v1,A,5,late,late,0,15,140,3,137,336,5894,70.00,13,3,0
passive-v1,passive-v1,A,5,late,late,1,15,138,24,114,320,5792,69.50,8,4,0
passive-v1,passive-v1,A,5,late,late,2,15,111,18,93,233,4742,53.25,12,1,0
passive-v1,passive-v1,A,5,late,late,3,15,89,17,72,200,3989,46.75,10,0,0
passive-v1,passive-v1,A,5,late,late,4,15,62,7,55,148,2880,36.00,11,0,0
passive-v1,passive-v1,A,5,late,middle,5,15,31,7,24,56,1315,14.25,2,0,0
passive-v1,passive-v1,A,5,late,middle,6,15,17,5,12,34,664,6.00,1,0,0
passive-v1,passive-v1,A,5,late,middle,7,15,13,1,12,35,538,6.00,1,0,0
passive-v1,passive-v1,A,5,late,middle,8,15,3,1,2,4,132,1.00,0,0,0
passive-v1,passive-v1,A,5,late,middle,9,15,2,1,1,3,65,0.50,0,0,0
passive-v1,passive-v1,A,5,middle,early,10,15,107,17,90,327,4630,52.00,11,1,0
passive-v1,passive-v1,A,5,middle,early,11,15,68,7,61,221,2895,33.75,5,0,0
passive-v1,passive-v1,A,5,middle,early,12,15,41,9,32,97,1636,16.50,1,0,0
passive-v1,passive-v1,A,5,middle,early,13,15,17,4,13,32,730,7.50,1,0,0
passive-v1,passive-v1,A,5,middle,early,14,15,1,1,0,0,37,0.5,0,0,0
passive-v1,passive-v1,A,5,middle,late,0,15,8,0,8,27,313,4.75,1,0,0
passive-v1,passive-v1,A,5,middle,late,1,15,21,1,20,56,914,12.50,3,1,0
passive-v1,passive-v1,A,5,middle,late,2,15,47,3,44,125,1793,23.50,2,3,0
passive-v1,passive-v1,A,5,middle,late,3,15,72,14,58,192,2834,34.75,6,2,0
passive-v1,passive-v1,A,5,middle,late,4,15,89,9,80,279,3700,45.50,8,2,0
passive-v1,passive-v1,A,5,middle,middle,5,15,124,13,111,352,5256,66.00,12,4,0
passive-v1,passive-v1,A,5,middle,middle,6,15,145,17,128,442,6354,80.75,18,5,0
passive-v1,passive-v1,A,5,middle,middle,7,15,131,15,116,447,5449,67.75,14,2,0
passive-v1,passive-v1,A,5,middle,middle,8,15,149,27,122,446,6165,75.50,13,4,0
passive-v1,passive-v1,A,5,middle,middle,9,15,137,22,115,426,5833,65.75,13,1,0
passive-v1,passive-v1,B,3,early,early,10,15,75,6,69,349,5021,42.0,18,3,0
passive-v1,passive-v1,B,3,early,early,11,15,84,7,77,423,6010,54.5,28,4,0
passive-v1,passive-v1,B,3,early,early,12,15,106,9,97,531,6972,55.5,14,5,0
passive-v1,passive-v1,B,3,early,early,13,15,107,11,96,546,7385,61.0,22,7,0
passive-v1,passive-v1,B,3,early,early,14,15,104,17,87,333,7403,57.5,24,2,0
passive-v1,passive-v1,B,3,early,early,15,15,34,16,18,232,2607,18.5,8,1,0
passive-v1,passive-v1,B,3,early,middle,7,15,1,0,1,4,66,0.5,0,0,0
passive-v1,passive-v1,B,3,early,middle,8,15,9,0,9,46,585,5.5,2,1,0
passive-v1,passive-v1,B,3,early,middle,9,15,31,1,30,156,2191,20.5,11,2,0
passive-v1,passive-v1,B,3,late,late,0,15,87,11,76,208,6040,51.0,23,4,0
passive-v1,passive-v1,B,3,late,late,1,15,95,22,73,192,6555,51.5,21,4,0
passive-v1,passive-v1,B,3,late,late,2,15,83,14,69,221,5647,47.0,17,2,0
passive-v1,passive-v1,B,3,late,late,3,15,47,13,34,78,3258,28.0,10,3,0
passive-v1,passive-v1,B,3,late,late,4,15,45,8,37,95,3162,25.5,7,3,0
passive-v1,passive-v1,B,3,late,middle,5,15,25,4,21,55,2034,15.5,9,0,0
passive-v1,passive-v1,B,3,late,middle,6,15,15,5,10,17,1133,9.5,4,0,0
passive-v1,passive-v1,B,3,late,middle,7,15,6,0,6,20,452,3.5,2,0,0
passive-v1,passive-v1,B,3,late,middle,8,15,1,0,1,3,63,0.5,0,0,0
passive-v1,passive-v1,B,3,middle,early,10,15,48,3,45,157,3413,24.0,8,0,0
passive-v1,passive-v1,B,3,middle,early,11,15,35,7,28,134,2408,17.5,5,0,0
passive-v1,passive-v1,B,3,middle,early,12,15,17,5,12,49,1284,9.0,5,0,0
passive-v1,passive-v1,B,3,middle,early,13,15,8,1,7,45,742,6.5,5,0,0
passive-v1,passive-v1,B,3,middle,late,0,15,2,0,2,4,136,1.0,0,0,0
passive-v1,passive-v1,B,3,middle,late,1,15,13,2,11,33,870,7.0,1,1,0
passive-v1,passive-v1,B,3,middle,late,2,15,32,3,29,84,2242,19.5,14,0,0
passive-v1,passive-v1,B,3,middle,late,3,15,44,5,39,123,3105,29.5,14,5,0
passive-v1,passive-v1,B,3,middle,late,4,15,58,6,52,164,3955,34.0,12,6,0
passive-v1,passive-v1,B,3,middle,middle,5,15,84,12,72,241,5615,53.0,26,2,0
passive-v1,passive-v1,B,3,middle,middle,6,15,107,9,98,376,6975,61.5,24,7,0
passive-v1,passive-v1,B,3,middle,middle,7,15,108,20,88,336,7561,65.5,29,8,0
passive-v1,passive-v1,B,3,middle,middle,8,15,108,13,95,342,7957,66.0,28,3,0
passive-v1,passive-v1,B,3,middle,middle,9,15,100,14,86,359,7208,58.0,25,5,0
passive-v1,passive-v1,B,4,early,early,10,14,109,15,94,504,5481,61.6666666666666635,28,2,0
passive-v1,passive-v1,B,4,early,early,11,14,123,16,107,575,6026,63.9999999999999969,27,5,0
passive-v1,passive-v1,B,4,early,early,12,14,153,21,132,765,7381,74.3333333333333297,33,1,0
passive-v1,passive-v1,B,4,early,early,13,14,114,15,99,429,5613,56.3333333333333306,21,2,0
passive-v1,passive-v1,B,4,early,early,14,14,68,28,40,384,3404,34.3333333333333314,12,0,0
passive-v1,passive-v1,B,4,early,middle,6,14,4,0,4,33,213,3.0,3,0,0
passive-v1,passive-v1,B,4,early,middle,7,14,12,0,12,84,639,6.9999999999999996,3,0,0
passive-v1,passive-v1,B,4,early,middle,8,14,36,3,33,186,1845,23.6666666666666655,12,1,0
passive-v1,passive-v1,B,4,early,middle,9,14,45,3,42,223,2122,22.9999999999999985,8,0,0
passive-v1,passive-v1,B,4,late,late,0,14,108,0,108,299,5328,57.9999999999999970,26,2,0
passive-v1,passive-v1,B,4,late,late,1,14,123,24,99,283,6346,69.6666666666666636,32,6,0
passive-v1,passive-v1,B,4,late,late,2,14,87,19,68,189,4250,38.9999999999999974,13,0,0
passive-v1,passive-v1,B,4,late,late,3,14,68,14,54,195,3514,40.6666666666666652,26,0,0
passive-v1,passive-v1,B,4,late,late,4,14,37,6,31,131,1934,21.3333333333333319,7,0,0
passive-v1,passive-v1,B,4,late,middle,5,14,22,7,15,46,1058,10.3333333333333327,4,0,0
passive-v1,passive-v1,B,4,late,middle,6,14,9,1,8,23,463,4.6666666666666662,0,0,0
passive-v1,passive-v1,B,4,late,middle,7,14,3,0,3,11,123,0.6666666666666666,0,0,0
passive-v1,passive-v1,B,4,late,middle,8,14,1,0,1,0,42,0.3333333333333333,0,0,0
passive-v1,passive-v1,B,4,middle,early,10,14,62,15,47,180,3071,29.6666666666666651,10,1,0
passive-v1,passive-v1,B,4,middle,early,11,14,27,8,19,60,1408,11.6666666666666659,4,0,0
passive-v1,passive-v1,B,4,middle,early,12,14,8,0,8,27,442,4.6666666666666663,1,0,0
passive-v1,passive-v1,B,4,middle,late,0,14,14,0,14,49,664,5.6666666666666663,2,0,0
passive-v1,passive-v1,B,4,middle,late,1,14,27,1,26,87,1347,16.6666666666666659,8,1,0
passive-v1,passive-v1,B,4,middle,late,2,14,57,5,52,219,2609,28.6666666666666649,10,1,0
passive-v1,passive-v1,B,4,middle,late,3,14,80,12,68,233,4131,47.3333333333333316,26,3,0
passive-v1,passive-v1,B,4,middle,late,4,14,95,17,78,260,4772,54.9999999999999973,27,0,0
passive-v1,passive-v1,B,4,middle,middle,5,14,116,13,103,380,5977,67.6666666666666638,35,4,0
passive-v1,passive-v1,B,4,middle,middle,6,14,142,18,124,462,7127,77.9999999999999965,39,0,0
passive-v1,passive-v1,B,4,middle,middle,7,14,120,16,104,400,5857,59.9999999999999965,20,4,0
passive-v1,passive-v1,B,4,middle,middle,8,14,123,20,103,396,6181,68.3333333333333299,29,3,0
passive-v1,passive-v1,B,4,middle,middle,9,14,80,17,63,231,3751,39.9999999999999976,14,1,0
passive-v1,passive-v1,B,5,early,early,10,15,72,5,67,381,2870,39.00,11,3,0
passive-v1,passive-v1,B,5,early,early,11,15,139,18,121,556,5643,75.25,20,2,0
passive-v1,passive-v1,B,5,early,early,12,15,146,21,125,690,6036,77.25,16,6,0
passive-v1,passive-v1,B,5,early,early,13,15,156,20,136,850,6294,80.00,15,5,0
passive-v1,passive-v1,B,5,early,early,14,15,155,24,131,646,6212,72.50,12,3,0
passive-v1,passive-v1,B,5,early,early,15,15,68,39,29,275,2894,33.75,6,1,0
passive-v1,passive-v1,B,5,early,middle,6,15,2,0,2,16,103,1.25,0,0,0
passive-v1,passive-v1,B,5,early,middle,7,15,6,0,6,40,233,3.50,0,0,0
passive-v1,passive-v1,B,5,early,middle,8,15,17,1,16,73,737,10.75,4,0,0
passive-v1,passive-v1,B,5,early,middle,9,15,48,0,48,266,2017,28.25,8,0,0
passive-v1,passive-v1,B,5,late,late,0,15,135,1,134,341,5454,68.00,14,3,0
passive-v1,passive-v1,B,5,late,late,1,15,128,22,106,279,5220,64.25,11,0,0
passive-v1,passive-v1,B,5,late,late,2,15,104,14,90,253,4423,51.75,12,1,0
passive-v1,passive-v1,B,5,late,late,3,15,67,12,55,156,2582,29.00,2,0,0
passive-v1,passive-v1,B,5,late,late,4,15,62,7,55,174,2511,27.25,6,0,0
passive-v1,passive-v1,B,5,late,middle,5,15,35,9,26,83,1403,16.50,1,0,0
passive-v1,passive-v1,B,5,late,middle,6,15,29,7,22,57,1168,10.50,0,0,0
passive-v1,passive-v1,B,5,late,middle,7,15,7,2,5,15,257,2.25,0,0,0
passive-v1,passive-v1,B,5,late,middle,8,15,2,0,2,7,77,0.75,0,0,0
passive-v1,passive-v1,B,5,middle,early,10,15,93,13,80,277,3762,43.00,6,0,0
passive-v1,passive-v1,B,5,middle,early,11,15,61,15,46,176,2292,24.25,1,1,0
passive-v1,passive-v1,B,5,middle,early,12,15,28,6,22,61,1241,12.50,1,0,0
passive-v1,passive-v1,B,5,middle,early,13,15,8,0,8,17,360,3.75,0,0,0
passive-v1,passive-v1,B,5,middle,early,14,15,1,0,1,0,26,0.0,0,0,0
passive-v1,passive-v1,B,5,middle,late,0,15,15,1,14,38,643,10.25,3,1,0
passive-v1,passive-v1,B,5,middle,late,1,15,32,4,28,95,1326,18.50,5,1,0
passive-v1,passive-v1,B,5,middle,late,2,15,40,2,38,124,1701,27.00,9,4,0
passive-v1,passive-v1,B,5,middle,late,3,15,80,9,71,239,3320,43.50,11,2,0
passive-v1,passive-v1,B,5,middle,late,4,15,79,8,71,248,3237,47.75,14,5,0
passive-v1,passive-v1,B,5,middle,middle,5,15,125,16,109,387,5303,70.25,15,6,0
passive-v1,passive-v1,B,5,middle,middle,6,15,128,14,114,360,5214,71.00,15,1,0
passive-v1,passive-v1,B,5,middle,middle,7,15,184,38,146,545,7445,92.00,20,6,0
passive-v1,passive-v1,B,5,middle,middle,8,15,152,24,128,532,6111,78.25,15,5,0
passive-v1,passive-v1,B,5,middle,middle,9,15,122,16,106,401,4982,65.25,13,4,0
passive-v1,passive-v1,C,3,early,early,10,15,41,1,40,212,2624,22.5,15,0,0
passive-v1,passive-v1,C,3,early,early,11,15,82,9,73,371,5266,44.0,27,0,0
passive-v1,passive-v1,C,3,early,early,12,15,85,13,72,314,5557,50.5,32,2,0
passive-v1,passive-v1,C,3,early,early,13,15,135,18,117,538,8167,60.5,32,3,0
passive-v1,passive-v1,C,3,early,early,14,15,108,13,95,398,6652,47.5,27,0,0
passive-v1,passive-v1,C,3,early,early,15,15,50,23,27,300,3203,27.0,16,1,0
passive-v1,passive-v1,C,3,early,middle,7,15,1,0,1,7,59,0.0,0,0,0
passive-v1,passive-v1,C,3,early,middle,8,15,7,0,7,29,409,3.0,1,0,0
passive-v1,passive-v1,C,3,early,middle,9,15,26,0,26,153,1696,15.0,11,0,0
passive-v1,passive-v1,C,3,late,late,0,15,84,7,77,204,5347,42.5,26,1,0
passive-v1,passive-v1,C,3,late,late,1,15,75,16,59,156,4857,38.5,22,0,0
passive-v1,passive-v1,C,3,late,late,2,15,92,23,69,198,5690,37.0,19,2,0
passive-v1,passive-v1,C,3,late,late,3,15,59,13,46,121,3441,21.5,10,1,0
passive-v1,passive-v1,C,3,late,late,4,15,48,13,35,79,2845,21.5,8,0,0
passive-v1,passive-v1,C,3,late,middle,5,15,27,6,21,55,1669,12.5,7,0,0
passive-v1,passive-v1,C,3,late,middle,6,15,16,3,13,60,1070,10.0,7,0,0
passive-v1,passive-v1,C,3,late,middle,7,15,4,0,4,16,211,1.5,1,0,0
passive-v1,passive-v1,C,3,late,middle,8,15,2,1,1,3,114,1.0,1,0,0
passive-v1,passive-v1,C,3,middle,early,10,15,78,8,70,260,4955,41.0,23,2,0
passive-v1,passive-v1,C,3,middle,early,11,15,54,10,44,175,3648,32.5,23,0,0
passive-v1,passive-v1,C,3,middle,early,12,15,23,5,18,38,1375,9.0,1,0,0
passive-v1,passive-v1,C,3,middle,early,13,15,7,3,4,5,351,2.0,0,0,0
passive-v1,passive-v1,C,3,middle,early,14,15,2,0,2,0,108,0.5,0,0,0
passive-v1,passive-v1,C,3,middle,late,0,15,5,0,5,14,285,3.0,2,0,0
passive-v1,passive-v1,C,3,middle,late,1,15,9,1,8,18,586,6.0,5,0,0
passive-v1,passive-v1,C,3,middle,late,2,15,23,5,18,52,1739,18.5,15,0,0
passive-v1,passive-v1,C,3,middle,late,3,15,39,7,32,100,2529,23.0,12,1,0
passive-v1,passive-v1,C,3,middle,late,4,15,76,10,66,238,5201,45.0,35,1,0
passive-v1,passive-v1,C,3,middle,middle,5,15,75,9,66,238,4766,40.0,25,1,0
passive-v1,passive-v1,C,3,middle,middle,6,15,81,9,72,228,5217,40.5,27,2,0
passive-v1,passive-v1,C,3,middle,middle,7,15,105,13,92,337,6872,56.0,33,0,0
passive-v1,passive-v1,C,3,middle,middle,8,15,100,10,90,345,6248,50.5,30,1,0
passive-v1,passive-v1,C,3,middle,middle,9,15,98,11,87,279,6302,49.5,30,0,0
passive-v1,passive-v1,C,4,early,early,10,14,140,18,122,652,6463,69.6666666666666625,19,4,0
passive-v1,passive-v1,C,4,early,early,11,14,109,14,95,478,5294,60.3333333333333299,18,1,0
passive-v1,passive-v1,C,4,early,early,12,14,147,20,127,751,7068,80.3333333333333284,25,3,0
passive-v1,passive-v1,C,4,early,early,13,14,93,6,87,374,4484,50.9999999999999974,19,1,0
passive-v1,passive-v1,C,4,early,early,14,14,52,30,22,240,2671,32.9999999999999983,17,0,0
passive-v1,passive-v1,C,4,early,middle,6,14,2,0,2,11,111,1.3333333333333333,1,0,0
passive-v1,passive-v1,C,4,early,middle,7,14,11,0,11,51,543,7.3333333333333329,2,1,0
passive-v1,passive-v1,C,4,early,middle,8,14,40,2,38,168,1865,22.9999999999999988,6,5,0
passive-v1,passive-v1,C,4,early,middle,9,14,62,4,58,284,2973,34.3333333333333314,11,3,0
passive-v1,passive-v1,C,4,late,late,0,14,109,0,109,289,5289,59.9999999999999964,19,3,0
passive-v1,passive-v1,C,4,late,late,1,14,77,11,66,209,3705,39.9999999999999973,13,0,0
passive-v1,passive-v1,C,4,late,late,2,14,82,17,65,185,4025,46.6666666666666640,19,1,0
passive-v1,passive-v1,C,4,late,late,3,14,67,14,53,170,2994,33.3333333333333313,12,1,0
passive-v1,passive-v1,C,4,late,late,4,14,45,5,40,127,2146,25.6666666666666652,10,0,0
passive-v1,passive-v1,C,4,late,middle,5,14,12,3,9,30,618,7.9999999999999997,5,0,0
passive-v1,passive-v1,C,4,late,middle,6,14,7,2,5,11,314,3.9999999999999997,0,0,0
passive-v1,passive-v1,C,4,late,middle,7,14,1,0,1,4,47,0.6666666666666666,0,0,0
passive-v1,passive-v1,C,4,middle,early,10,14,48,9,39,110,2315,23.6666666666666652,9,0,0
passive-v1,passive-v1,C,4,middle,early,11,14,22,4,18,87,1067,12.9999999999999992,5,0,0
passive-v1,passive-v1,C,4,middle,early,12,14,4,0,4,15,165,1.3333333333333332,0,0,0
passive-v1,passive-v1,C,4,middle,late,0,14,11,0,11,38,488,6.3333333333333330,2,1,0
passive-v1,passive-v1,C,4,middle,late,1,14,28,3,25,91,1321,13.3333333333333324,3,1,0
passive-v1,passive-v1,C,4,middle,late,2,14,43,4,39,132,2083,25.3333333333333319,9,2,0
passive-v1,passive-v1,C,4,middle,late,3,14,75,10,65,258,3582,44.6666666666666640,14,4,0
passive-v1,passive-v1,C,4,middle,late,4,14,118,18,100,355,5653,62.3333333333333292,20,1,0
passive-v1,passive-v1,C,4,middle,middle,5,14,122,13,109,402,5925,67.6666666666666625,22,3,0
passive-v1,passive-v1,C,4,middle,middle,6,14,146,20,126,483,7019,78.6666666666666619,20,8,0
passive-v1,passive-v1,C,4,middle,middle,7,14,137,17,120,494,6721,76.6666666666666621,28,1,0
passive-v1,passive-v1,C,4,middle,middle,8,14,127,28,99,437,6107,67.3333333333333293,24,3,0
passive-v1,passive-v1,C,4,middle,middle,9,14,83,14,69,258,4057,47.3333333333333307,17,1,0
passive-v1,passive-v1,C,5,early,early,10,15,67,3,64,339,2480,35.75,10,0,0
passive-v1,passive-v1,C,5,early,early,11,15,129,14,115,580,5105,80.25,31,1,0
passive-v1,passive-v1,C,5,early,early,12,15,143,12,131,649,5339,74.00,18,0,0
passive-v1,passive-v1,C,5,early,early,13,15,182,30,152,858,6653,94.00,18,2,0
passive-v1,passive-v1,C,5,early,early,14,15,156,27,129,521,5902,81.75,22,1,0
passive-v1,passive-v1,C,5,early,early,15,15,57,29,28,270,2105,30.00,6,0,0
passive-v1,passive-v1,C,5,early,middle,7,15,4,1,3,22,164,3.50,2,0,0
passive-v1,passive-v1,C,5,early,middle,8,15,14,0,14,65,498,5.75,1,0,0
passive-v1,passive-v1,C,5,early,middle,9,15,38,0,38,192,1442,22.25,9,1,0
passive-v1,passive-v1,C,5,late,late,0,15,146,4,142,338,5449,78.00,22,1,0
passive-v1,passive-v1,C,5,late,late,1,15,153,31,122,356,5907,85.75,26,1,0
passive-v1,passive-v1,C,5,late,late,2,15,110,21,89,247,4161,62.75,17,1,0
passive-v1,passive-v1,C,5,late,late,3,15,88,21,67,193,3409,49.00,10,2,0
passive-v1,passive-v1,C,5,late,late,4,15,55,8,47,110,2066,29.25,4,0,0
passive-v1,passive-v1,C,5,late,middle,5,15,35,8,27,67,1322,18.50,1,1,0
passive-v1,passive-v1,C,5,late,middle,6,15,22,8,14,38,826,11.25,1,1,0
passive-v1,passive-v1,C,5,late,middle,7,15,5,1,4,12,189,2.25,1,0,0
passive-v1,passive-v1,C,5,late,middle,8,15,6,3,3,8,251,4.25,2,0,0
passive-v1,passive-v1,C,5,middle,early,10,15,99,18,81,305,3652,49.50,4,0,0
passive-v1,passive-v1,C,5,middle,early,11,15,62,5,57,196,2306,30.00,7,0,0
passive-v1,passive-v1,C,5,middle,early,12,15,30,5,25,61,1063,12.00,0,0,0
passive-v1,passive-v1,C,5,middle,early,13,15,14,1,13,39,491,5.00,0,0,0
passive-v1,passive-v1,C,5,middle,early,14,15,1,0,1,0,40,0.75,0,0,0
passive-v1,passive-v1,C,5,middle,late,0,15,2,1,1,6,64,1.00,0,0,0
passive-v1,passive-v1,C,5,middle,late,1,15,18,6,12,43,684,11.50,7,0,0
passive-v1,passive-v1,C,5,middle,late,2,15,40,4,36,127,1644,28.25,15,0,0
passive-v1,passive-v1,C,5,middle,late,3,15,73,6,67,242,2704,37.00,13,0,0
passive-v1,passive-v1,C,5,middle,late,4,15,82,12,70,241,3129,48.00,17,0,0
passive-v1,passive-v1,C,5,middle,middle,5,15,126,16,110,369,4705,69.25,20,0,0
passive-v1,passive-v1,C,5,middle,middle,6,15,140,24,116,415,5190,75.75,24,0,0
passive-v1,passive-v1,C,5,middle,middle,7,15,177,29,148,542,6501,92.75,19,0,0
passive-v1,passive-v1,C,5,middle,middle,8,15,160,32,128,457,6001,84.50,23,3,0
passive-v1,passive-v1,C,5,middle,middle,9,15,144,24,120,400,5508,85.25,21,6,0
passive-v1,passive-v1,D,3,early,early,10,15,43,4,39,252,3448,22.5,14,0,0
passive-v1,passive-v1,D,3,early,early,11,15,89,12,77,519,7201,48.5,29,2,0
passive-v1,passive-v1,D,3,early,early,12,15,80,14,66,418,6117,34.0,16,0,0
passive-v1,passive-v1,D,3,early,early,13,15,119,10,109,707,8918,49.0,18,1,0
passive-v1,passive-v1,D,3,early,early,14,15,105,18,87,435,7691,44.5,18,1,0
passive-v1,passive-v1,D,3,early,early,15,15,46,19,27,290,3748,27.5,15,0,0
passive-v1,passive-v1,D,3,early,middle,7,15,5,0,5,29,457,2.5,1,0,0
passive-v1,passive-v1,D,3,early,middle,8,15,18,0,18,108,1454,9.0,6,0,0
passive-v1,passive-v1,D,3,early,middle,9,15,26,0,26,173,1914,11.0,5,1,0
passive-v1,passive-v1,D,3,late,late,0,15,92,7,85,221,7015,43.0,21,1,0
passive-v1,passive-v1,D,3,late,late,1,15,93,20,73,244,7267,50.5,27,2,0
passive-v1,passive-v1,D,3,late,late,2,15,92,18,74,202,7012,42.5,18,0,0
passive-v1,passive-v1,D,3,late,late,3,15,51,5,46,154,3851,25.5,10,2,0
passive-v1,passive-v1,D,3,late,late,4,15,37,6,31,71,2901,16.0,9,0,0
passive-v1,passive-v1,D,3,late,middle,5,15,31,2,29,99,2157,12.5,4,0,0
passive-v1,passive-v1,D,3,late,middle,6,15,9,4,5,12,775,4.0,3,0,0
passive-v1,passive-v1,D,3,late,middle,7,15,5,0,5,18,362,2.0,0,0,0
passive-v1,passive-v1,D,3,late,middle,8,15,4,2,2,6,274,0.5,0,0,0
passive-v1,passive-v1,D,3,late,middle,9,15,1,0,1,6,67,0.0,0,0,0
passive-v1,passive-v1,D,3,middle,early,10,15,64,11,53,258,5064,34.5,20,0,0
passive-v1,passive-v1,D,3,middle,early,11,15,31,5,26,87,2417,13.5,5,0,0
passive-v1,passive-v1,D,3,middle,early,12,15,11,2,9,35,803,5.0,1,0,0
passive-v1,passive-v1,D,3,middle,early,13,15,2,0,2,7,134,0.5,0,0,0
passive-v1,passive-v1,D,3,middle,late,0,15,5,0,5,9,403,2.0,1,0,0
passive-v1,passive-v1,D,3,middle,late,1,15,21,2,19,55,1544,7.5,3,0,0
passive-v1,passive-v1,D,3,middle,late,2,15,16,2,14,36,1234,7.0,6,0,0
passive-v1,passive-v1,D,3,middle,late,3,15,42,6,36,118,3052,18.5,7,1,0
passive-v1,passive-v1,D,3,middle,late,4,15,76,16,60,201,6224,41.0,27,2,0
passive-v1,passive-v1,D,3,middle,middle,5,15,73,6,67,225,5850,38.5,20,0,0
passive-v1,passive-v1,D,3,middle,middle,6,15,112,11,101,378,9206,62.5,34,3,0
passive-v1,passive-v1,D,3,middle,middle,7,15,90,9,81,286,7048,47.0,25,1,0
passive-v1,passive-v1,D,3,middle,middle,8,15,119,23,96,412,9678,68.0,41,3,0
passive-v1,passive-v1,D,3,middle,middle,9,15,87,16,71,286,6432,34.0,14,0,0
passive-v1,passive-v1,D,4,early,early,10,14,85,10,75,437,4750,46.3333333333333306,17,0,0
passive-v1,passive-v1,D,4,early,early,11,14,145,17,128,773,7905,74.3333333333333279,21,0,0
passive-v1,passive-v1,D,4,early,early,12,14,130,11,119,800,6785,61.9999999999999959,18,0,0
passive-v1,passive-v1,D,4,early,early,13,14,117,15,102,587,6219,59.9999999999999958,17,0,0
passive-v1,passive-v1,D,4,early,early,14,14,76,38,38,366,4080,36.9999999999999982,15,0,0
passive-v1,passive-v1,D,4,early,middle,6,14,5,0,5,29,316,3.3333333333333331,1,0,0
passive-v1,passive-v1,D,4,early,middle,7,14,20,2,18,109,1074,11.9999999999999993,5,0,0
passive-v1,passive-v1,D,4,early,middle,8,14,23,1,22,140,1298,14.6666666666666659,7,0,0
passive-v1,passive-v1,D,4,early,middle,9,14,66,6,60,382,3586,35.6666666666666645,12,0,0
passive-v1,passive-v1,D,4,late,late,0,14,113,2,111,310,6096,60.9999999999999961,22,0,0
passive-v1,passive-v1,D,4,late,late,1,14,102,15,87,279,5451,52.3333333333333297,15,0,0
passive-v1,passive-v1,D,4,late,late,2,14,75,15,60,190,4135,42.3333333333333308,16,0,0
passive-v1,passive-v1,D,4,late,late,3,14,56,13,43,134,3108,30.3333333333333310,6,0,0
passive-v1,passive-v1,D,4,late,late,4,14,31,5,26,69,1649,16.9999999999999987,3,0,0
passive-v1,passive-v1,D,4,late,middle,5,14,12,5,7,18,647,4.9999999999999995,0,0,0
passive-v1,passive-v1,D,4,late,middle,6,14,2,0,2,5,138,1.6666666666666666,1,0,0
passive-v1,passive-v1,D,4,late,middle,8,14,1,0,1,7,88,1.0,1,0,0
passive-v1,passive-v1,D,4,middle,early,10,14,60,12,48,193,3249,31.6666666666666643,5,0,0
passive-v1,passive-v1,D,4,middle,early,11,14,19,3,16,27,1057,10.6666666666666659,3,0,0
passive-v1,passive-v1,D,4,middle,early,12,14,6,3,3,13,269,2.6666666666666664,0,0,0
passive-v1,passive-v1,D,4,middle,early,13,14,1,0,1,1,90,1.0,1,0,0
passive-v1,passive-v1,D,4,middle,late,0,14,15,1,14,40,899,9.3333333333333328,4,0,0
passive-v1,passive-v1,D,4,middle,late,1,14,35,2,33,124,1984,20.9999999999999989,10,0,0
passive-v1,passive-v1,D,4,middle,late,2,14,57,7,50,191,3103,31.3333333333333314,12,0,0
passive-v1,passive-v1,D,4,middle,late,3,14,99,16,83,304,5418,55.6666666666666633,22,0,0
passive-v1,passive-v1,D,4,middle,late,4,14,116,13,103,422,6062,54.3333333333333298,19,0,0
passive-v1,passive-v1,D,4,middle,middle,5,14,136,18,118,454,7529,76.9999999999999956,29,0,0
passive-v1,passive-v1,D,4,middle,middle,6,14,128,21,107,454,6897,65.6666666666666625,21,0,0
passive-v1,passive-v1,D,4,middle,middle,7,14,128,21,107,444,7053,72.9999999999999960,28,0,0
passive-v1,passive-v1,D,4,middle,middle,8,14,96,11,85,357,5369,54.6666666666666633,21,0,0
passive-v1,passive-v1,D,4,middle,middle,9,14,74,10,64,251,4351,41.6666666666666641,15,0,0
passive-v1,passive-v1,D,5,early,early,10,15,94,14,80,390,4246,48.00,8,0,0
passive-v1,passive-v1,D,5,early,early,11,15,135,12,123,652,6127,68.50,17,0,0
passive-v1,passive-v1,D,5,early,early,12,15,183,30,153,864,8152,86.25,25,0,0
passive-v1,passive-v1,D,5,early,early,13,15,180,18,162,1125,8207,84.50,17,0,0
passive-v1,passive-v1,D,5,early,early,14,15,115,11,104,571,5044,54.25,10,0,0
passive-v1,passive-v1,D,5,early,early,15,15,74,38,36,350,3453,36.75,7,0,0
passive-v1,passive-v1,D,5,early,middle,7,15,3,0,3,19,157,2.00,0,0,0
passive-v1,passive-v1,D,5,early,middle,8,15,23,2,21,113,1070,12.75,4,0,0
passive-v1,passive-v1,D,5,early,middle,9,15,27,0,27,151,1203,13.50,3,0,0
passive-v1,passive-v1,D,5,late,late,0,15,138,1,137,338,6296,68.00,15,0,0
passive-v1,passive-v1,D,5,late,late,1,15,145,25,120,302,6569,71.00,15,0,0
passive-v1,passive-v1,D,5,late,late,2,15,122,24,98,240,5655,61.00,19,0,0
passive-v1,passive-v1,D,5,late,late,3,15,86,12,74,186,3875,41.25,9,0,0
passive-v1,passive-v1,D,5,late,late,4,15,64,12,52,133,3053,32.00,7,0,0
passive-v1,passive-v1,D,5,late,middle,5,15,36,7,29,67,1655,18.50,6,0,0
passive-v1,passive-v1,D,5,late,middle,6,15,17,2,15,36,763,7.75,0,0,0
passive-v1,passive-v1,D,5,late,middle,7,15,9,1,8,18,386,3.75,0,0,0
passive-v1,passive-v1,D,5,late,middle,8,15,4,1,3,6,192,2.25,0,0,0
passive-v1,passive-v1,D,5,middle,early,10,15,115,18,97,378,5273,54.50,12,0,0
passive-v1,passive-v1,D,5,middle,early,11,15,64,8,56,166,2825,30.00,3,0,0
passive-v1,passive-v1,D,5,middle,early,12,15,29,6,23,69,1358,13.75,3,0,0
passive-v1,passive-v1,D,5,middle,early,13,15,5,1,4,16,235,2.00,0,0,0
passive-v1,passive-v1,D,5,middle,early,14,15,2,0,2,10,126,1.0,0,0,0
passive-v1,passive-v1,D,5,middle,early,15,15,1,0,1,0,63,0.5,0,0,0
passive-v1,passive-v1,D,5,middle,late,0,15,6,1,5,16,236,2.50,1,0,0
passive-v1,passive-v1,D,5,middle,late,1,15,13,2,11,40,549,5.75,2,0,0
passive-v1,passive-v1,D,5,middle,late,2,15,43,6,37,112,1923,21.75,6,0,0
passive-v1,passive-v1,D,5,middle,late,3,15,74,9,65,182,3153,34.50,8,0,0
passive-v1,passive-v1,D,5,middle,late,4,15,97,13,84,264,4579,51.00,13,0,0
passive-v1,passive-v1,D,5,middle,middle,5,15,121,10,111,351,5488,59.75,11,0,0
passive-v1,passive-v1,D,5,middle,middle,6,15,144,21,123,435,6447,71.00,15,0,0
passive-v1,passive-v1,D,5,middle,middle,7,15,160,27,133,462,7588,85.75,28,0,0
passive-v1,passive-v1,D,5,middle,middle,8,15,126,25,101,371,5618,57.75,10,0,0
passive-v1,passive-v1,D,5,middle,middle,9,15,149,29,120,419,6862,74.00,20,0,0
passive-v1,passive-v1,E,3,early,early,10,15,51,5,46,287,3634,27.0,16,0,0
passive-v1,passive-v1,E,3,early,early,11,15,104,11,93,552,7327,42.0,19,1,0
passive-v1,passive-v1,E,3,early,early,12,15,105,14,91,512,7382,45.0,17,0,0
passive-v1,passive-v1,E,3,early,early,13,15,127,19,108,727,9280,63.5,29,2,0
passive-v1,passive-v1,E,3,early,early,14,15,64,12,52,230,4894,31.0,17,0,0
passive-v1,passive-v1,E,3,early,early,15,15,41,17,24,247,2872,15.0,9,0,0
passive-v1,passive-v1,E,3,early,middle,6,15,2,0,2,15,88,0.5,0,0,0
passive-v1,passive-v1,E,3,early,middle,7,15,5,1,4,26,339,4.5,3,1,0
passive-v1,passive-v1,E,3,early,middle,8,15,7,0,7,37,526,4.5,2,2,0
passive-v1,passive-v1,E,3,early,middle,9,15,36,3,33,192,2494,19.5,6,2,0
passive-v1,passive-v1,E,3,late,late,0,15,90,13,77,176,6474,42.5,19,0,0
passive-v1,passive-v1,E,3,late,late,1,15,86,23,63,166,6160,41.0,16,0,0
passive-v1,passive-v1,E,3,late,late,2,15,84,16,68,164,6100,37.0,17,0,0
passive-v1,passive-v1,E,3,late,late,3,15,40,4,36,80,3192,20.0,10,0,0
passive-v1,passive-v1,E,3,late,late,4,15,38,8,30,70,2880,17.5,9,0,0
passive-v1,passive-v1,E,3,late,middle,5,15,34,7,27,64,2386,15.5,10,0,0
passive-v1,passive-v1,E,3,late,middle,6,15,11,2,9,12,717,6.0,4,0,0
passive-v1,passive-v1,E,3,late,middle,7,15,6,2,4,2,369,1.5,1,0,0
passive-v1,passive-v1,E,3,late,middle,8,15,1,0,1,1,54,0.0,0,0,0
passive-v1,passive-v1,E,3,middle,early,10,15,54,9,45,181,3701,16.5,8,0,0
passive-v1,passive-v1,E,3,middle,early,11,15,36,4,32,144,2606,15.5,5,0,0
passive-v1,passive-v1,E,3,middle,early,12,15,18,3,15,53,1488,8.0,5,0,0
passive-v1,passive-v1,E,3,middle,early,13,15,5,1,4,10,384,2.0,2,0,0
passive-v1,passive-v1,E,3,middle,early,14,15,2,1,1,0,312,2.0,2,0,0
passive-v1,passive-v1,E,3,middle,late,0,15,4,0,4,11,275,2.0,1,1,0
passive-v1,passive-v1,E,3,middle,late,1,15,10,0,10,26,675,6.0,4,1,0
passive-v1,passive-v1,E,3,middle,late,2,15,23,2,21,38,1775,13.5,9,0,0
passive-v1,passive-v1,E,3,middle,late,3,15,50,12,38,111,3285,25.5,12,1,0
passive-v1,passive-v1,E,3,middle,late,4,15,71,10,61,178,5240,36.0,23,0,0
passive-v1,passive-v1,E,3,middle,middle,5,15,82,4,78,290,5934,41.0,21,1,0
passive-v1,passive-v1,E,3,middle,middle,6,15,107,14,93,299,7867,61.0,33,0,0
passive-v1,passive-v1,E,3,middle,middle,7,15,105,11,94,369,7711,51.0,19,2,0
passive-v1,passive-v1,E,3,middle,middle,8,15,101,12,89,349,7608,46.0,25,0,0
passive-v1,passive-v1,E,3,middle,middle,9,15,85,12,73,308,6159,40.0,16,0,0
passive-v1,passive-v1,E,4,early,early,10,14,104,8,96,528,5717,61.6666666666666628,15,5,0
passive-v1,passive-v1,E,4,early,early,11,14,108,9,99,622,6319,64.9999999999999957,22,3,0
passive-v1,passive-v1,E,4,early,early,12,14,150,14,136,901,8331,87.9999999999999942,22,4,0
passive-v1,passive-v1,E,4,early,early,13,14,105,15,90,451,6006,60.6666666666666638,24,1,0
passive-v1,passive-v1,E,4,early,early,14,14,57,27,30,318,3000,29.3333333333333314,4,5,0
passive-v1,passive-v1,E,4,early,middle,5,14,1,0,1,7,135,1.0,1,0,0
passive-v1,passive-v1,E,4,early,middle,6,14,4,0,4,25,278,3.3333333333333333,3,0,0
passive-v1,passive-v1,E,4,early,middle,7,14,18,1,17,107,1143,11.9999999999999993,5,0,0
passive-v1,passive-v1,E,4,early,middle,8,14,47,1,46,267,2778,31.9999999999999985,16,2,0
passive-v1,passive-v1,E,4,early,middle,9,14,81,7,74,472,4744,52.9999999999999970,20,3,0
passive-v1,passive-v1,E,4,late,late,0,14,107,3,104,288,6067,64.6666666666666628,24,4,0
passive-v1,passive-v1,E,4,late,late,1,14,84,13,71,201,4954,51.6666666666666637,16,5,0
passive-v1,passive-v1,E,4,late,late,2,14,81,12,69,203,4518,46.6666666666666637,15,3,0
passive-v1,passive-v1,E,4,late,late,3,14,59,16,43,119,3442,36.9999999999999979,14,2,0
passive-v1,passive-v1,E,4,late,late,4,14,23,5,18,52,1221,9.9999999999999992,2,0,0
passive-v1,passive-v1,E,4,late,middle,5,14,13,1,12,43,823,6.9999999999999997,4,0,0
passive-v1,passive-v1,E,4,late,middle,6,14,4,2,2,8,228,1.6666666666666666,1,0,0
passive-v1,passive-v1,E,4,middle,early,10,14,56,19,37,155,3115,28.6666666666666646,7,0,0
passive-v1,passive-v1,E,4,middle,early,11,14,17,8,9,31,872,8.3333333333333328,3,0,0
passive-v1,passive-v1,E,4,middle,early,12,14,6,2,4,21,325,2.9999999999999997,0,0,0
passive-v1,passive-v1,E,4,middle,late,0,14,18,2,16,53,977,10.9999999999999991,2,0,0
passive-v1,passive-v1,E,4,middle,late,1,14,29,3,26,73,1562,18.9999999999999990,9,0,0
passive-v1,passive-v1,E,4,middle,late,2,14,60,9,51,154,3685,41.9999999999999977,15,4,0
passive-v1,passive-v1,E,4,middle,late,3,14,97,15,82,265,5802,62.3333333333333300,26,3,0
passive-v1,passive-v1,E,4,middle,late,4,14,114,12,102,348,6439,66.6666666666666621,13,4,0
passive-v1,passive-v1,E,4,middle,middle,5,14,131,15,116,429,7597,83.6666666666666625,36,7,0
passive-v1,passive-v1,E,4,middle,middle,6,14,133,17,116,462,7944,89.6666666666666615,36,3,0
passive-v1,passive-v1,E,4,middle,middle,7,14,117,15,102,400,6528,68.9999999999999960,23,5,0
passive-v1,passive-v1,E,4,middle,middle,8,14,113,18,95,372,6411,66.9999999999999963,23,6,0
passive-v1,passive-v1,E,4,middle,middle,9,14,60,9,51,214,3421,30.6666666666666646,8,2,0
passive-v1,passive-v1,E,5,early,early,10,15,81,6,75,383,3629,46.50,20,0,0
passive-v1,passive-v1,E,5,early,early,11,15,128,12,116,658,5378,66.50,19,0,0
passive-v1,passive-v1,E,5,early,early,12,15,141,17,124,695,6019,73.25,25,0,0
passive-v1,passive-v1,E,5,early,early,13,15,173,32,141,935,7199,90.00,14,0,0
passive-v1,passive-v1,E,5,early,early,14,15,135,18,117,609,5837,67.25,21,0,0
passive-v1,passive-v1,E,5,early,early,15,15,64,28,36,315,2618,30.00,5,0,0
passive-v1,passive-v1,E,5,early,middle,6,15,1,0,1,4,29,0.25,0,0,0
passive-v1,passive-v1,E,5,early,middle,7,15,8,1,7,37,323,4.00,0,0,0
passive-v1,passive-v1,E,5,early,middle,8,15,20,2,18,96,867,10.00,3,0,0
passive-v1,passive-v1,E,5,early,middle,9,15,67,8,59,304,3022,36.50,21,0,0
passive-v1,passive-v1,E,5,late,late,0,15,137,3,134,331,5847,69.75,20,0,0
passive-v1,passive-v1,E,5,late,late,1,15,129,22,107,280,5760,70.50,23,0,0
passive-v1,passive-v1,E,5,late,late,2,15,125,26,99,275,5338,59.50,14,0,0
passive-v1,passive-v1,E,5,late,late,3,15,73,6,67,165,2939,33.50,8,0,0
passive-v1,passive-v1,E,5,late,late,4,15,66,12,54,174,2776,34.00,9,0,0
passive-v1,passive-v1,E,5,late,middle,5,15,41,11,30,81,1560,19.25,5,0,0
passive-v1,passive-v1,E,5,late,middle,6,15,27,6,21,65,1168,12.00,1,0,0
passive-v1,passive-v1,E,5,late,middle,7,15,8,4,4,12,302,3.50,0,0,0
passive-v1,passive-v1,E,5,late,middle,8,15,1,0,1,3,29,0.25,0,0,0
passive-v1,passive-v1,E,5,middle,early,10,15,97,17,80,328,4274,51.25,11,0,0
passive-v1,passive-v1,E,5,middle,early,11,15,43,3,40,148,1798,23.75,3,0,0
passive-v1,passive-v1,E,5,middle,early,12,15,36,10,26,93,1355,15.25,0,0,0
passive-v1,passive-v1,E,5,middle,early,13,15,13,1,12,29,511,6.50,0,0,0
passive-v1,passive-v1,E,5,middle,early,14,15,2,0,2,0,85,1.00,0,0,0
passive-v1,passive-v1,E,5,middle,late,0,15,8,0,8,20,364,5.50,2,0,0
passive-v1,passive-v1,E,5,middle,late,1,15,14,2,12,39,604,7.50,3,0,0
passive-v1,passive-v1,E,5,middle,late,2,15,38,2,36,98,1654,21.75,6,0,0
passive-v1,passive-v1,E,5,middle,late,3,15,67,8,59,171,3041,36.00,15,0,0
passive-v1,passive-v1,E,5,middle,late,4,15,99,15,84,266,4248,55.25,20,0,0
passive-v1,passive-v1,E,5,middle,middle,5,15,129,18,111,393,5565,70.50,25,0,0
passive-v1,passive-v1,E,5,middle,middle,6,15,146,20,126,463,6544,84.00,30,0,0
passive-v1,passive-v1,E,5,middle,middle,7,15,184,35,149,583,7759,92.25,25,0,0
passive-v1,passive-v1,E,5,middle,middle,8,15,133,22,111,381,5734,65.50,20,0,0
passive-v1,passive-v1,E,5,middle,middle,9,15,135,26,109,428,5718,66.00,16,0,0
passive-v3,passive-v3,A,3,early,early,10,15,62,2,60,236,5461,52.5,42,3,0
passive-v3,passive-v3,A,3,early,early,11,15,69,0,69,264,5821,50.0,37,1,0
passive-v3,passive-v3,A,3,early,early,12,15,84,0,84,305,7575,71.0,59,2,0
passive-v3,passive-v3,A,3,early,early,13,15,103,0,103,313,9052,79.5,64,1,0
passive-v3,passive-v3,A,3,early,early,14,15,87,0,87,158,8103,69.5,53,1,0
passive-v3,passive-v3,A,3,early,early,15,15,45,0,45,70,4263,35.5,27,0,0
passive-v3,passive-v3,A,3,early,middle,7,15,2,0,2,13,141,1.0,1,0,0
passive-v3,passive-v3,A,3,early,middle,8,15,8,0,8,52,637,7.0,6,1,0
passive-v3,passive-v3,A,3,early,middle,9,15,19,0,19,108,1435,13.5,8,2,0
passive-v3,passive-v3,A,3,late,late,0,15,87,2,85,332,7711,69.5,54,2,0
passive-v3,passive-v3,A,3,late,late,1,15,92,17,75,345,8334,73.0,57,1,0
passive-v3,passive-v3,A,3,late,late,2,15,74,16,58,295,6274,54.0,40,0,0
passive-v3,passive-v3,A,3,late,late,3,15,53,3,50,197,4993,44.0,35,1,0
passive-v3,passive-v3,A,3,late,late,4,15,39,4,35,128,3243,30.0,22,1,0
passive-v3,passive-v3,A,3,late,middle,5,15,25,4,21,75,2277,19.0,16,0,0
passive-v3,passive-v3,A,3,late,middle,6,15,11,0,11,28,1058,8.0,5,0,0
passive-v3,passive-v3,A,3,late,middle,7,15,9,0,9,42,674,7.0,5,0,0
passive-v3,passive-v3,A,3,middle,early,10,15,73,0,73,197,6652,59.5,47,0,0
passive-v3,passive-v3,A,3,middle,early,11,15,26,0,26,90,2656,23.0,20,0,0
passive-v3,passive-v3,A,3,middle,early,12,15,16,0,16,32,1578,12.5,9,0,0
passive-v3,passive-v3,A,3,middle,early,13,15,14,0,14,18,1338,10.5,7,0,0
passive-v3,passive-v3,A,3,middle,early,14,15,1,0,1,1,148,1.0,1,0,0
passive-v3,passive-v3,A,3,middle,late,0,15,6,0,6,25,441,4.0,3,0,0
passive-v3,passive-v3,A,3,middle,late,1,15,11,2,9,35,912,10.0,9,0,0
passive-v3,passive-v3,A,3,middle,late,2,15,30,4,26,103,2434,22.5,16,2,0
passive-v3,passive-v3,A,3,middle,late,3,15,45,3,42,169,4030,34.5,29,1,0
passive-v3,passive-v3,A,3,middle,late,4,15,76,6,70,321,6239,53.0,39,0,0
passive-v3,passive-v3,A,3,middle,middle,5,15,90,5,85,370,7709,72.0,52,6,0
passive-v3,passive-v3,A,3,middle,middle,6,15,99,0,99,371,8990,83.0,68,2,0
passive-v3,passive-v3,A,3,middle,middle,7,15,130,3,127,514,11745,100.0,74,3,0
passive-v3,passive-v3,A,3,middle,middle,8,15,125,1,124,463,11669,104.5,86,4,0
passive-v3,passive-v3,A,3,middle,middle,9,15,99,2,97,341,8646,81.0,66,3,0
passive-v3,passive-v3,A,4,early,early,10,14,99,0,99,377,6277,77.3333333333333304,49,4,0
passive-v3,passive-v3,A,4,early,early,11,14,118,0,118,426,7807,91.3333333333333307,64,3,0
passive-v3,passive-v3,A,4,early,early,12,14,105,0,105,340,7003,80.3333333333333312,54,5,0
passive-v3,passive-v3,A,4,early,early,13,14,115,0,115,245,7777,88.3333333333333304,64,1,0
passive-v3,passive-v3,A,4,early,early,14,14,65,0,65,82,4949,53.6666666666666652,40,0,0
passive-v3,passive-v3,A,4,early,middle,5,14,1,0,1,8,61,1.0,1,0,0
passive-v3,passive-v3,A,4,early,middle,6,14,2,0,2,10,114,1.6666666666666666,1,0,0
passive-v3,passive-v3,A,4,early,middle,7,14,17,0,17,104,1030,11.9999999999999998,10,0,0
passive-v3,passive-v3,A,4,early,middle,8,14,31,0,31,171,1803,22.6666666666666659,15,1,0
passive-v3,passive-v3,A,4,early,middle,9,14,55,0,55,278,3499,40.3333333333333324,29,2,0
passive-v3,passive-v3,A,4,late,late,0,14,110,1,109,359,7254,83.3333333333333310,57,3,0
passive-v3,passive-v3,A,4,late,late,1,14,90,14,76,326,6153,72.3333333333333319,57,0,0
passive-v3,passive-v3,A,4,late,late,2,14,90,16,74,287,6235,69.9999999999999980,46,4,0
passive-v3,passive-v3,A,4,late,late,3,14,55,7,48,191,4014,43.9999999999999989,33,0,0
passive-v3,passive-v3,A,4,late,late,4,14,41,9,32,98,2972,27.3333333333333326,20,0,0
passive-v3,passive-v3,A,4,late,middle,5,14,11,1,10,30,873,9.9999999999999999,9,0,0
passive-v3,passive-v3,A,4,late,middle,6,14,4,2,2,5,261,3.3333333333333332,2,0,0
passive-v3,passive-v3,A,4,middle,early,10,14,37,0,37,99,2709,30.6666666666666659,23,0,0
passive-v3,passive-v3,A,4,middle,early,11,14,10,0,10,25,744,7.6666666666666665,6,0,0
passive-v3,passive-v3,A,4,middle,early,12,14,3,0,3,7,209,1.3333333333333332,0,0,0
passive-v3,passive-v3,A,4,middle,early,13,14,2,0,2,1,222,2.0,2,0,0
passive-v3,passive-v3,A,4,middle,late,0,14,18,0,18,72,997,12.3333333333333330,8,1,0
passive-v3,passive-v3,A,4,middle,late,1,14,62,8,54,232,3748,48.6666666666666655,33,4,0
passive-v3,passive-v3,A,4,middle,late,2,14,61,4,57,273,3736,45.3333333333333318,28,2,0
passive-v3,passive-v3,A,4,middle,late,3,14,77,4,73,367,4891,62.6666666666666655,49,2,0
passive-v3,passive-v3,A,4,middle,late,4,14,115,2,113,541,7598,89.3333333333333308,61,2,0
passive-v3,passive-v3,A,4,middle,middle,5,14,146,10,136,554,9542,111.6666666666666640,78,6,0
passive-v3,passive-v3,A,4,middle,middle,6,14,158,6,152,558,10716,118.3333333333333302,83,1,0
passive-v3,passive-v3,A,4,middle,middle,7,14,138,3,135,529,9326,105.3333333333333305,70,5,0
passive-v3,passive-v3,A,4,middle,middle,8,14,110,0,110,431,7612,87.9999999999999975,64,1,0
passive-v3,passive-v3,A,4,middle,middle,9,14,82,3,79,277,5558,59.6666666666666643,37,2,0
passive-v3,passive-v3,A,5,early,early,10,15,72,1,71,274,3603,53.00,33,0,0
passive-v3,passive-v3,A,5,early,early,11,15,112,1,111,375,5976,82.75,45,5,0
passive-v3,passive-v3,A,5,early,early,12,15,132,1,131,375,7530,105.00,62,1,0
passive-v3,passive-v3,A,5,early,early,13,15,157,0,157,427,8769,120.00,67,1,0
passive-v3,passive-v3,A,5,early,early,14,15,138,0,138,256,7890,108.50,54,2,0
passive-v3,passive-v3,A,5,early,early,15,15,70,0,70,100,4016,54.25,26,0,0
passive-v3,passive-v3,A,5,early,middle,7,15,2,0,2,10,100,1.5,1,0,0
passive-v3,passive-v3,A,5,early,middle,8,15,14,0,14,72,609,9.50,4,0,0
passive-v3,passive-v3,A,5,early,middle,9,15,40,0,40,164,1970,27.50,17,1,0
passive-v3,passive-v3,A,5,late,late,0,15,146,1,145,499,7907,108.25,57,2,0
passive-v3,passive-v3,A,5,late,late,1,15,136,21,115,429,7709,111.50,76,3,0
passive-v3,passive-v3,A,5,late,late,2,15,131,23,108,390,6884,94.50,42,3,0
passive-v3,passive-v3,A,5,late,late,3,15,102,17,85,370,5683,75.75,37,0,0
passive-v3,passive-v3,A,5,late,late,4,15,64,6,58,237,3658,50.50,23,2,0
passive-v3,passive-v3,A,5,late,middle,5,15,34,5,29,81,1865,25.25,10,0,0
passive-v3,passive-v3,A,5,late,middle,6,15,30,5,25,82,1639,23.00,10,0,0
passive-v3,passive-v3,A,5,late,middle,7,15,8,0,8,32,399,6.00,3,0,0
passive-v3,passive-v3,A,5,late,middle,8,15,3,0,3,5,166,2.75,2,0,0
passive-v3,passive-v3,A,5,late,middle,9,15,2,0,2,5,68,1.0,0,0,0
passive-v3,passive-v3,A,5,middle,early,10,15,87,1,86,254,5079,67.00,29,2,0
passive-v3,passive-v3,A,5,middle,early,11,15,58,1,57,189,3444,48.50,29,1,0
passive-v3,passive-v3,A,5,middle,early,12,15,34,2,32,87,1940,26.50,10,0,0
passive-v3,passive-v3,A,5,middle,early,13,15,4,0,4,10,183,2.25,1,0,0
passive-v3,passive-v3,A,5,middle,early,14,15,2,0,2,2,156,2.0,2,0,0
passive-v3,passive-v3,A,5,middle,late,0,15,9,0,9,47,438,6.50,4,0,0
passive-v3,passive-v3,A,5,middle,late,1,15,21,1,20,82,1135,14.25,7,0,0
passive-v3,passive-v3,A,5,middle,late,2,15,50,3,47,225,2491,34.75,17,0,0
passive-v3,passive-v3,A,5,middle,late,3,15,81,12,69,323,4226,61.50,36,0,0
passive-v3,passive-v3,A,5,middle,late,4,15,88,6,82,348,4526,64.50,37,1,0
passive-v3,passive-v3,A,5,middle,middle,5,15,136,6,130,488,7593,102.75,62,1,0
passive-v3,passive-v3,A,5,middle,middle,6,15,178,9,169,648,10029,135.25,66,5,0
passive-v3,passive-v3,A,5,middle,middle,7,15,146,9,137,563,8045,117.25,72,0,0
passive-v3,passive-v3,A,5,middle,middle,8,15,154,9,145,517,8807,115.25,62,3,0
passive-v3,passive-v3,A,5,middle,middle,9,15,136,0,136,490,7674,110.25,62,3,0
passive-v3,passive-v3,B,3,early,early,10,15,65,0,65,273,5286,47.5,39,2,0
passive-v3,passive-v3,B,3,early,early,11,15,65,0,65,261,5258,54.0,45,2,0
passive-v3,passive-v3,B,3,early,early,12,15,89,0,89,335,7414,64.0,52,1,0
passive-v3,passive-v3,B,3,early,early,13,15,104,0,104,304,8805,88.5,71,6,0
passive-v3,passive-v3,B,3,early,early,14,15,71,0,71,130,5969,54.5,49,0,0
passive-v3,passive-v3,B,3,early,early,15,15,52,0,52,75,4730,43.5,39,0,0
passive-v3,passive-v3,B,3,early,middle,5,15,1,0,1,6,76,1.0,1,0,0
passive-v3,passive-v3,B,3,early,middle,7,15,2,0,2,14,132,2.0,2,0,0
passive-v3,passive-v3,B,3,early,middle,8,15,10,0,10,76,786,7.5,6,0,0
passive-v3,passive-v3,B,3,early,middle,9,15,25,0,25,117,2060,21.5,19,1,0
passive-v3,passive-v3,B,3,late,late,0,15,90,0,90,342,7307,67.5,54,3,0
passive-v3,passive-v3,B,3,late,late,1,15,81,19,62,250,6497,64.0,52,3,0
passive-v3,passive-v3,B,3,late,late,2,15,86,14,72,364,7271,73.0,64,1,0
passive-v3,passive-v3,B,3,late,late,3,15,55,8,47,188,4512,41.0,31,3,0
passive-v3,passive-v3,B,3,late,late,4,15,39,3,36,170,3113,31.0,26,0,0
passive-v3,passive-v3,B,3,late,middle,5,15,29,2,27,114,2400,20.0,14,0,0
passive-v3,passive-v3,B,3,late,middle,6,15,3,0,3,10,277,2.0,1,0,0
passive-v3,passive-v3,B,3,late,middle,7,15,5,0,5,15,427,4.5,4,0,0
passive-v3,passive-v3,B,3,late,middle,8,15,3,0,3,8,258,1.5,0,0,0
passive-v3,passive-v3,B,3,middle,early,10,15,77,0,77,219,6627,65.0,57,0,0
passive-v3,passive-v3,B,3,middle,early,11,15,47,0,47,134,4125,36.0,28,0,0
passive-v3,passive-v3,B,3,middle,early,12,15,18,0,18,44,1539,13.0,10,0,0
passive-v3,passive-v3,B,3,middle,early,13,15,3,0,3,4,291,3.0,3,0,0
passive-v3,passive-v3,B,3,middle,late,0,15,5,0,5,14,441,4.5,4,0,0
passive-v3,passive-v3,B,3,middle,late,1,15,18,3,15,56,1570,16.0,14,0,0
passive-v3,passive-v3,B,3,middle,late,2,15,33,4,29,153,2656,25.0,20,0,0
passive-v3,passive-v3,B,3,middle,late,3,15,61,7,54,244,5147,50.0,44,2,0
passive-v3,passive-v3,B,3,middle,late,4,15,60,4,56,270,4811,47.5,38,5,0
passive-v3,passive-v3,B,3,middle,middle,5,15,110,2,108,413,9329,87.0,76,1,0
passive-v3,passive-v3,B,3,middle,middle,6,15,104,7,97,420,8537,80.0,70,1,0
passive-v3,passive-v3,B,3,middle,middle,7,15,91,2,89,345,7548,69.5,56,2,0
passive-v3,passive-v3,B,3,middle,middle,8,15,116,6,110,398,10185,97.0,88,1,0
passive-v3,passive-v3,B,3,middle,middle,9,15,85,4,81,224,7514,72.5,56,5,0
passive-v3,passive-v3,B,4,early,early,10,14,93,0,93,330,5388,65.3333333333333308,41,0,0
passive-v3,passive-v3,B,4,early,early,11,14,113,0,113,360,6398,77.3333333333333298,43,2,0
passive-v3,passive-v3,B,4,early,early,12,14,137,0,137,383,7666,101.3333333333333293,61,3,0
passive-v3,passive-v3,B,4,early,early,13,14,108,0,108,183,6041,70.9999999999999962,36,1,0
passive-v3,passive-v3,B,4,early,early,14,14,54,0,54,68,3146,41.3333333333333322,26,5,0
passive-v3,passive-v3,B,4,early,middle,6,14,3,0,3,21,159,1.9999999999999999,1,0,0
passive-v3,passive-v3,B,4,early,middle,7,14,12,0,12,74,618,7.9999999999999997,4,1,0
passive-v3,passive-v3,B,4,early,middle,8,14,28,0,28,130,1416,18.6666666666666660,11,1,0
passive-v3,passive-v3,B,4,early,middle,9,14,51,0,51,207,2743,37.6666666666666655,23,2,0
passive-v3,passive-v3,B,4,late,late,0,14,116,1,115,444,6470,80.9999999999999969,44,4,0
passive-v3,passive-v3,B,4,late,late,1,14,99,19,80,370,5644,68.3333333333333306,37,2,0
passive-v3,passive-v3,B,4,late,late,2,14,81,15,66,304,4486,56.6666666666666643,29,3,0
passive-v3,passive-v3,B,4,late,late,3,14,62,4,58,189,3648,42.9999999999999984,25,3,0
passive-v3,passive-v3,B,4,late,late,4,14,38,4,34,171,2056,23.3333333333333323,10,1,0
passive-v3,passive-v3,B,4,late,middle,5,14,22,2,20,76,1375,16.6666666666666660,8,2,0
passive-v3,passive-v3,B,4,late,middle,6,14,14,2,12,27,934,10.9999999999999994,4,1,0
passive-v3,passive-v3,B,4,late,middle,7,14,8,0,8,25,505,6.3333333333333330,3,0,0
passive-v3,passive-v3,B,4,middle,early,10,14,60,0,60,148,3821,47.3333333333333318,33,0,0
passive-v3,passive-v3,B,4,middle,early,11,14,27,2,25,56,1589,19.6666666666666658,8,2,0
passive-v3,passive-v3,B,4,middle,early,12,14,7,0,7,13,364,3.9999999999999996,0,0,0
passive-v3,passive-v3,B,4,middle,early,13,14,1,0,1,1,55,1.0,0,1,0
passive-v3,passive-v3,B,4,middle,late,0,14,15,0,15,61,796,11.3333333333333330,8,0,0
passive-v3,passive-v3,B,4,middle,late,1,14,31,2,29,133,1626,22.6666666666666654,9,1,0
passive-v3,passive-v3,B,4,middle,late,2,14,69,7,62,270,3551,45.3333333333333316,28,0,0
passive-v3,passive-v3,B,4,middle,late,3,14,89,5,84,379,5012,61.3333333333333314,37,4,0
passive-v3,passive-v3,B,4,middle,late,4,14,113,11,102,448,6038,74.9999999999999975,49,1,0
passive-v3,passive-v3,B,4,middle,middle,5,14,107,8,99,414,6126,75.3333333333333306,45,2,0
passive-v3,passive-v3,B,4,middle,middle,6,14,144,11,133,543,7921,98.9999999999999963,57,4,0
passive-v3,passive-v3,B,4,middle,middle,7,14,121,8,113,398,7095,88.3333333333333301,52,3,0
passive-v3,passive-v3,B,4,middle,middle,8,14,120,2,118,474,6869,86.9999999999999972,52,5,0
passive-v3,passive-v3,B,4,middle,middle,9,14,90,1,89,259,5269,66.9999999999999975,38,1,0
passive-v3,passive-v3,B,5,early,early,10,15,58,0,58,232,2711,39.00,16,0,0
passive-v3,passive-v3,B,5,early,early,11,15,108,1,107,339,5349,81.25,51,0,0
passive-v3,passive-v3,B,5,early,early,12,15,127,0,127,365,6373,92.25,47,0,0
passive-v3,passive-v3,B,5,early,early,13,15,152,0,152,426,7995,116.75,61,1,0
passive-v3,passive-v3,B,5,early,early,14,15,139,0,139,233,7178,102.25,48,0,0
passive-v3,passive-v3,B,5,early,early,15,15,86,0,86,113,4955,69.50,36,4,0
passive-v3,passive-v3,B,5,early,middle,5,15,1,0,1,7,39,0.25,0,0,0
passive-v3,passive-v3,B,5,early,middle,6,15,1,0,1,8,70,1.0,1,0,0
passive-v3,passive-v3,B,5,early,middle,7,15,7,0,7,31,338,5.00,3,0,0
passive-v3,passive-v3,B,5,early,middle,8,15,19,0,19,95,906,15.50,11,0,0
passive-v3,passive-v3,B,5,early,middle,9,15,38,0,38,179,1856,27.00,16,0,0
passive-v3,passive-v3,B,5,late,late,0,15,138,2,136,445,7036,102.25,53,1,0
passive-v3,passive-v3,B,5,late,late,1,15,138,22,116,413,7048,102.75,54,0,0
passive-v3,passive-v3,B,5,late,late,2,15,127,18,109,431,6492,94.00,45,1,0
passive-v3,passive-v3,B,5,late,late,3,15,84,11,73,277,4472,66.75,35,2,0
passive-v3,passive-v3,B,5,late,late,4,15,72,8,64,279,3926,55.00,26,0,0
passive-v3,passive-v3,B,5,late,middle,5,15,40,7,33,105,2308,33.75,21,1,0
passive-v3,passive-v3,B,5,late,middle,6,15,36,3,33,140,2193,29.50,14,0,0
passive-v3,passive-v3,B,5,late,middle,7,15,12,0,12,35,765,10.00,4,0,0
passive-v3,passive-v3,B,5,late,middle,8,15,5,0,5,20,281,3.50,1,0,0
passive-v3,passive-v3,B,5,late,middle,9,15,4,1,3,7,261,3.75,3,0,0
passive-v3,passive-v3,B,5,middle,early,10,15,99,1,98,293,5863,81.00,45,1,0
passive-v3,passive-v3,B,5,middle,early,11,15,59,1,58,182,3289,47.25,27,1,0
passive-v3,passive-v3,B,5,middle,early,12,15,25,0,25,54,1421,18.25,8,0,0
passive-v3,passive-v3,B,5,middle,early,13,15,9,1,8,19,520,7.50,4,0,0
passive-v3,passive-v3,B,5,middle,early,14,15,1,0,1,2,64,1.0,1,0,0
passive-v3,passive-v3,B,5,middle,late,0,15,8,0,8,24,406,5.75,3,0,0
passive-v3,passive-v3,B,5,middle,late,1,15,21,3,18,76,941,13.00,7,0,0
passive-v3,passive-v3,B,5,middle,late,2,15,46,5,41,179,2183,32.25,16,0,0
passive-v3,passive-v3,B,5,middle,late,3,15,84,7,77,311,4118,64.00,39,0,0
passive-v3,passive-v3,B,5,middle,late,4,15,106,8,98,368,5082,76.75,43,0,0
passive-v3,passive-v3,B,5,middle,middle,5,15,133,9,124,515,6642,97.50,51,1,0
passive-v3,passive-v3,B,5,middle,middle,6,15,143,6,137,485,7361,110.25,62,1,0
passive-v3,passive-v3,B,5,middle,middle,7,15,202,16,186,655,10322,151.00,76,1,0
passive-v3,passive-v3,B,5,middle,middle,8,15,136,5,131,485,6953,100.50,46,3,0
passive-v3,passive-v3,B,5,middle,middle,9,15,112,2,110,370,5920,85.25,44,0,0
passive-v3,passive-v3,C,3,early,early,10,15,40,0,40,147,2716,28.5,22,0,0
passive-v3,passive-v3,C,3,early,early,11,15,75,1,74,226,5171,53.5,41,0,0
passive-v3,passive-v3,C,3,early,early,12,15,85,1,84,261,6306,61.5,49,0,0
passive-v3,passive-v3,C,3,early,early,13,15,109,0,109,302,8371,90.5,82,0,0
passive-v3,passive-v3,C,3,early,early,14,15,80,0,80,137,5726,61.0,52,0,0
passive-v3,passive-v3,C,3,early,early,15,15,53,0,53,69,4202,42.5,36,0,0
passive-v3,passive-v3,C,3,early,middle,7,15,3,0,3,15,168,1.0,0,0,0
passive-v3,passive-v3,C,3,early,middle,8,15,9,0,9,54,624,6.0,5,0,0
passive-v3,passive-v3,C,3,early,middle,9,15,24,0,24,105,1508,15.5,8,0,0
passive-v3,passive-v3,C,3,late,late,0,15,86,1,85,346,6332,66.5,55,0,0
passive-v3,passive-v3,C,3,late,late,1,15,86,18,68,316,6474,65.5,56,0,0
passive-v3,passive-v3,C,3,late,late,2,15,68,15,53,268,5188,54.5,45,0,0
passive-v3,passive-v3,C,3,late,late,3,15,77,13,64,276,5793,58.5,49,0,0
passive-v3,passive-v3,C,3,late,late,4,15,39,5,34,165,3086,32.0,29,0,0
passive-v3,passive-v3,C,3,late,middle,5,15,17,2,15,39,1614,16.0,15,0,0
passive-v3,passive-v3,C,3,late,middle,6,15,13,1,12,45,908,10.5,10,0,0
passive-v3,passive-v3,C,3,late,middle,7,15,2,0,2,13,183,2.0,2,0,0
passive-v3,passive-v3,C,3,middle,early,10,15,73,0,73,225,5952,61.0,57,0,0
passive-v3,passive-v3,C,3,middle,early,11,15,35,1,34,93,2695,25.5,25,0,0
passive-v3,passive-v3,C,3,middle,early,12,15,21,0,21,30,1648,19.0,18,0,0
passive-v3,passive-v3,C,3,middle,early,13,15,4,0,4,6,328,4.0,4,0,0
passive-v3,passive-v3,C,3,middle,early,14,15,1,0,1,0,71,1.0,1,0,0
passive-v3,passive-v3,C,3,middle,late,0,15,6,0,6,28,316,1.5,1,0,0
passive-v3,passive-v3,C,3,middle,late,1,15,12,2,10,28,734,8.0,6,0,0
passive-v3,passive-v3,C,3,middle,late,2,15,28,2,26,120,1700,19.5,14,0,0
passive-v3,passive-v3,C,3,middle,late,3,15,40,6,34,163,2591,26.5,20,0,0
passive-v3,passive-v3,C,3,middle,late,4,15,87,5,82,378,6275,66.0,52,0,0
passive-v3,passive-v3,C,3,middle,middle,5,15,87,11,76,303,5881,60.5,47,0,0
passive-v3,passive-v3,C,3,middle,middle,6,15,113,6,107,360,8173,79.0,58,0,0
passive-v3,passive-v3,C,3,middle,middle,7,15,104,3,101,398,7939,83.5,73,0,0
passive-v3,passive-v3,C,3,middle,middle,8,15,117,4,113,375,9040,91.0,72,0,0
passive-v3,passive-v3,C,3,middle,middle,9,15,104,1,103,311,7786,80.5,65,0,0
passive-v3,passive-v3,C,4,early,early,10,14,113,2,111,405,6197,76.6666666666666636,46,1,0
passive-v3,passive-v3,C,4,early,early,11,14,101,1,100,277,5322,67.3333333333333303,35,2,0
passive-v3,passive-v3,C,4,early,early,12,14,136,0,136,375,7533,98.6666666666666634,61,7,0
passive-v3,passive-v3,C,4,early,early,13,14,102,0,102,166,6063,78.6666666666666641,54,2,0
passive-v3,passive-v3,C,4,early,early,14,14,61,0,61,81,3877,43.6666666666666657,32,0,0
passive-v3,passive-v3,C,4,early,middle,6,14,1,0,1,4,83,1.0,1,0,0
passive-v3,passive-v3,C,4,early,middle,7,14,11,0,11,49,533,6.3333333333333331,4,0,0
passive-v3,passive-v3,C,4,early,middle,8,14,31,1,30,121,1590,20.6666666666666658,12,0,0
passive-v3,passive-v3,C,4,early,middle,9,14,45,0,45,167,2218,27.9999999999999987,15,0,0
passive-v3,passive-v3,C,4,late,late,0,14,114,1,113,387,6340,79.9999999999999971,49,2,0
passive-v3,passive-v3,C,4,late,late,1,14,92,12,80,355,5183,68.3333333333333309,43,1,0
passive-v3,passive-v3,C,4,late,late,2,14,78,9,69,290,4732,56.6666666666666647,37,0,0
passive-v3,passive-v3,C,4,late,late,3,14,71,10,61,239,3840,47.6666666666666649,30,0,0
passive-v3,passive-v3,C,4,late,late,4,14,58,7,51,212,3296,39.3333333333333318,22,0,0
passive-v3,passive-v3,C,4,late,middle,5,14,19,1,18,55,1013,12.3333333333333327,6,0,0
passive-v3,passive-v3,C,4,late,middle,6,14,7,2,5,25,407,7.0,7,0,0
passive-v3,passive-v3,C,4,late,middle,7,14,1,0,1,8,82,1.0,1,0,0
passive-v3,passive-v3,C,4,late,middle,8,14,1,0,1,0,90,1.0,1,0,0
passive-v3,passive-v3,C,4,middle,early,10,14,48,0,48,150,2975,38.9999999999999990,27,1,0
passive-v3,passive-v3,C,4,middle,early,11,14,27,0,27,112,1772,23.3333333333333328,17,1,0
passive-v3,passive-v3,C,4,middle,early,12,14,10,0,10,22,791,10.0,10,0,0
passive-v3,passive-v3,C,4,middle,late,0,14,13,0,13,62,650,7.9999999999999997,5,0,0
passive-v3,passive-v3,C,4,middle,late,1,14,30,6,24,113,1384,16.3333333333333325,7,1,0
passive-v3,passive-v3,C,4,middle,late,2,14,50,4,46,199,2655,35.6666666666666653,18,4,0
passive-v3,passive-v3,C,4,middle,late,3,14,77,7,70,294,4474,53.6666666666666654,39,2,0
passive-v3,passive-v3,C,4,middle,late,4,14,116,11,105,450,6474,85.3333333333333305,58,0,0
passive-v3,passive-v3,C,4,middle,middle,5,14,127,13,114,458,7106,87.9999999999999968,50,3,0
passive-v3,passive-v3,C,4,middle,middle,6,14,159,9,150,565,8753,110.6666666666666627,71,1,0
passive-v3,passive-v3,C,4,middle,middle,7,14,126,6,120,449,7037,89.9999999999999969,55,3,0
passive-v3,passive-v3,C,4,middle,middle,8,14,143,6,137,480,8284,100.6666666666666619,53,0,0
passive-v3,passive-v3,C,4,middle,middle,9,14,69,2,67,231,3731,46.9999999999999987,31,2,0
passive-v3,passive-v3,C,5,early,early,10,15,56,0,56,176,2296,40.00,22,3,0
passive-v3,passive-v3,C,5,early,early,11,15,112,0,112,325,4946,77.50,40,2,0
passive-v3,passive-v3,C,5,early,early,12,15,136,0,136,348,5836,90.75,44,4,0
passive-v3,passive-v3,C,5,early,early,13,15,168,1,167,405,7380,115.50,55,5,0
passive-v3,passive-v3,C,5,early,early,14,15,135,0,135,202,5728,89.75,41,4,0
passive-v3,passive-v3,C,5,early,early,15,15,68,0,68,95,3090,45.25,24,0,0
passive-v3,passive-v3,C,5,early,middle,6,15,2,0,2,14,73,1.25,1,0,0
passive-v3,passive-v3,C,5,early,middle,7,15,3,0,3,10,86,1.50,0,0,0
passive-v3,passive-v3,C,5,early,middle,8,15,22,1,21,81,782,12.00,7,0,0
passive-v3,passive-v3,C,5,early,middle,9,15,38,0,38,152,1520,24.25,10,2,0
passive-v3,passive-v3,C,5,late,late,0,15,146,3,143,427,6232,99.00,47,4,0
passive-v3,passive-v3,C,5,late,late,1,15,155,26,129,485,6794,104.75,45,3,0
passive-v3,passive-v3,C,5,late,late,2,15,120,25,95,361,5131,81.75,45,2,0
passive-v3,passive-v3,C,5,late,late,3,15,107,15,92,360,4728,74.50,31,3,0
passive-v3,passive-v3,C,5,late,late,4,15,74,9,65,222,3181,44.25,19,3,0
passive-v3,passive-v3,C,5,late,middle,5,15,36,9,27,115,1476,22.25,7,2,0
passive-v3,passive-v3,C,5,late,middle,6,15,32,3,29,86,1356,18.25,11,0,0
passive-v3,passive-v3,C,5,late,middle,7,15,8,2,6,15,261,3.00,0,0,0
passive-v3,passive-v3,C,5,late,middle,8,15,5,0,5,10,229,3.50,3,0,0
passive-v3,passive-v3,C,5,middle,early,10,15,99,1,98,310,4440,65.00,28,8,0
passive-v3,passive-v3,C,5,middle,early,11,15,44,0,44,127,1917,25.50,12,0,0
passive-v3,passive-v3,C,5,middle,early,12,15,25,0,25,54,1059,14.50,6,1,0
passive-v3,passive-v3,C,5,middle,early,13,15,8,0,8,23,347,4.50,2,0,0
passive-v3,passive-v3,C,5,middle,late,0,15,5,0,5,18,163,2.00,1,0,0
passive-v3,passive-v3,C,5,middle,late,1,15,26,6,20,96,937,17.25,7,2,0
passive-v3,passive-v3,C,5,middle,late,2,15,41,4,37,159,1475,25.00,9,4,0
passive-v3,passive-v3,C,5,middle,late,3,15,74,6,68,308,3149,54.00,28,4,0
passive-v3,passive-v3,C,5,middle,late,4,15,91,7,84,341,3807,62.00,29,1,0
passive-v3,passive-v3,C,5,middle,middle,5,15,129,12,117,473,5581,93.25,48,5,0
passive-v3,passive-v3,C,5,middle,middle,6,15,166,20,146,504,6959,109.75,55,4,0
passive-v3,passive-v3,C,5,middle,middle,7,15,162,11,151,535,7111,110.25,50,3,0
passive-v3,passive-v3,C,5,middle,middle,8,15,145,15,130,473,6318,99.75,49,4,0
passive-v3,passive-v3,C,5,middle,middle,9,15,128,2,126,364,5715,87.75,46,0,0
passive-v3,passive-v3,D,3,early,early,10,15,49,0,49,256,4748,39.5,33,0,0
passive-v3,passive-v3,D,3,early,early,11,15,61,0,61,272,5844,48.5,40,0,0
passive-v3,passive-v3,D,3,early,early,12,15,102,0,102,428,10707,86.5,73,0,0
passive-v3,passive-v3,D,3,early,early,13,15,77,0,77,273,8511,64.0,56,0,0
passive-v3,passive-v3,D,3,early,early,14,15,90,0,90,217,9668,81.5,75,0,0
passive-v3,passive-v3,D,3,early,early,15,15,65,0,65,87,6998,57.0,49,0,0
passive-v3,passive-v3,D,3,early,middle,7,15,2,0,2,12,178,1.5,1,0,0
passive-v3,passive-v3,D,3,early,middle,8,15,11,0,11,81,971,8.0,7,0,0
passive-v3,passive-v3,D,3,early,middle,9,15,24,0,24,137,2197,18.5,16,0,0
passive-v3,passive-v3,D,3,late,late,0,15,83,3,80,310,8533,67.5,57,0,0
passive-v3,passive-v3,D,3,late,late,1,15,80,12,68,294,8256,63.0,51,0,0
passive-v3,passive-v3,D,3,late,late,2,15,71,14,57,267,7735,64.0,59,0,0
passive-v3,passive-v3,D,3,late,late,3,15,49,7,42,206,5201,43.5,38,0,0
passive-v3,passive-v3,D,3,late,late,4,15,46,6,40,157,4933,40.0,34,0,0
passive-v3,passive-v3,D,3,late,middle,5,15,35,2,33,180,3921,31.0,27,0,0
passive-v3,passive-v3,D,3,late,middle,6,15,10,0,10,37,1275,9.5,9,0,0
passive-v3,passive-v3,D,3,late,middle,7,15,6,0,6,13,713,6.0,6,0,0
passive-v3,passive-v3,D,3,late,middle,8,15,4,0,4,5,503,4.0,4,0,0
passive-v3,passive-v3,D,3,middle,early,10,15,58,1,57,160,6444,52.5,47,0,0
passive-v3,passive-v3,D,3,middle,early,11,15,52,0,52,154,6016,45.0,38,0,0
passive-v3,passive-v3,D,3,middle,early,12,15,16,0,16,38,2012,15.0,14,0,0
passive-v3,passive-v3,D,3,middle,early,13,15,2,0,2,7,234,2.0,2,0,0
passive-v3,passive-v3,D,3,middle,early,14,15,1,0,1,0,126,1.0,1,0,0
passive-v3,passive-v3,D,3,middle,late,0,15,6,0,6,21,583,5.0,4,0,0
passive-v3,passive-v3,D,3,middle,late,1,15,11,0,11,43,1001,7.0,5,0,0
passive-v3,passive-v3,D,3,middle,late,2,15,25,0,25,95,2584,19.0,16,0,0
passive-v3,passive-v3,D,3,middle,late,3,15,44,3,41,193,4388,35.0,29,0,0
passive-v3,passive-v3,D,3,middle,late,4,15,70,8,62,268,6595,51.5,40,0,0
passive-v3,passive-v3,D,3,middle,middle,5,15,87,1,86,427,8770,76.5,68,0,0
passive-v3,passive-v3,D,3,middle,middle,6,15,108,5,103,483,10519,82.5,65,0,0
passive-v3,passive-v3,D,3,middle,middle,7,15,116,0,116,469,12778,99.5,90,0,0
passive-v3,passive-v3,D,3,middle,middle,8,15,119,7,112,451,11872,102.5,91,0,0
passive-v3,passive-v3,D,3,middle,middle,9,15,123,1,122,397,14001,111.0,100,0,0
passive-v3,passive-v3,D,4,early,early,10,14,83,1,82,360,5477,61.3333333333333310,39,2,0
passive-v3,passive-v3,D,4,early,early,11,14,109,0,109,401,7475,84.3333333333333300,58,1,0
passive-v3,passive-v3,D,4,early,early,12,14,133,0,133,443,9280,101.9999999999999971,70,5,0
passive-v3,passive-v3,D,4,early,early,13,14,93,0,93,183,7205,74.9999999999999975,56,2,0
passive-v3,passive-v3,D,4,early,early,14,14,69,0,69,99,5143,56.3333333333333319,40,2,0
passive-v3,passive-v3,D,4,early,middle,6,14,6,0,6,36,347,3.6666666666666664,1,0,0
passive-v3,passive-v3,D,4,early,middle,7,14,22,1,21,131,1167,11.3333333333333328,6,0,0
passive-v3,passive-v3,D,4,early,middle,8,14,33,0,33,175,1933,19.9999999999999988,8,1,0
passive-v3,passive-v3,D,4,early,middle,9,14,64,0,64,287,4059,46.6666666666666650,27,3,0
passive-v3,passive-v3,D,4,late,late,0,14,108,0,108,396,7211,77.6666666666666639,49,2,0
passive-v3,passive-v3,D,4,late,late,1,14,102,18,84,363,6781,70.6666666666666643,45,2,0
passive-v3,passive-v3,D,4,late,late,2,14,80,10,70,293,5476,55.6666666666666648,35,2,0
passive-v3,passive-v3,D,4,late,late,3,14,54,9,45,191,3950,40.9999999999999991,31,0,0
passive-v3,passive-v3,D,4,late,late,4,14,38,6,32,121,3071,31.3333333333333327,25,0,0
passive-v3,passive-v3,D,4,late,middle,5,14,16,2,14,51,1213,12.3333333333333331,10,0,0
passive-v3,passive-v3,D,4,late,middle,6,14,13,0,13,33,1128,9.9999999999999998,8,0,0
passive-v3,passive-v3,D,4,late,middle,7,14,1,0,1,0,143,1.0,1,0,0
passive-v3,passive-v3,D,4,middle,early,10,14,53,1,52,142,4160,45.9999999999999990,36,0,0
passive-v3,passive-v3,D,4,middle,early,11,14,22,0,22,61,1702,16.9999999999999997,13,0,0
passive-v3,passive-v3,D,4,middle,early,12,14,6,0,6,12,608,6.0,6,0,0
passive-v3,passive-v3,D,4,middle,late,0,14,12,0,12,44,843,10.3333333333333331,7,1,0
passive-v3,passive-v3,D,4,middle,late,1,14,42,3,39,170,2685,31.9999999999999993,23,2,0
passive-v3,passive-v3,D,4,middle,late,2,14,65,11,54,245,4082,45.6666666666666651,28,2,0
passive-v3,passive-v3,D,4,middle,late,3,14,103,14,89,417,6375,71.9999999999999977,44,6,0
passive-v3,passive-v3,D,4,middle,late,4,14,107,4,103,509,6889,78.3333333333333306,49,3,0
passive-v3,passive-v3,D,4,middle,middle,5,14,167,10,157,674,10859,119.6666666666666622,71,5,0
passive-v3,passive-v3,D,4,middle,middle,6,14,134,8,126,557,9238,99.3333333333333303,64,5,0
passive-v3,passive-v3,D,4,middle,middle,7,14,147,7,140,553,9720,104.3333333333333290,60,2,0
passive-v3,passive-v3,D,4,middle,middle,8,14,95,3,92,374,7253,77.9999999999999975,53,1,0
passive-v3,passive-v3,D,4,middle,middle,9,14,63,1,62,261,4914,49.9999999999999989,39,0,0
passive-v3,passive-v3,D,5,early,early,10,15,75,0,75,289,4463,58.25,37,1,0
passive-v3,passive-v3,D,5,early,early,11,15,120,1,119,451,7393,93.00,56,4,0
passive-v3,passive-v3,D,5,early,early,12,15,139,1,138,455,8743,111.25,62,5,0
passive-v3,passive-v3,D,5,early,early,13,15,155,0,155,500,9808,122.25,71,5,0
passive-v3,passive-v3,D,5,early,early,14,15,113,0,113,208,7518,92.25,58,4,0
passive-v3,passive-v3,D,5,early,early,15,15,71,0,71,93,4784,57.00,32,1,0
passive-v3,passive-v3,D,5,early,middle,7,15,5,0,5,27,265,3.75,2,0,0
passive-v3,passive-v3,D,5,early,middle,8,15,24,1,23,143,1252,16.25,8,0,0
passive-v3,passive-v3,D,5,early,middle,9,15,29,0,29,167,1555,20.25,8,1,0
passive-v3,passive-v3,D,5,late,late,0,15,138,2,136,388,8702,109.25,63,4,0
passive-v3,passive-v3,D,5,late,late,1,15,144,22,122,401,8870,111.50,64,4,0
passive-v3,passive-v3,D,5,late,late,2,15,126,27,99,364,7857,95.00,54,2,0
passive-v3,passive-v3,D,5,late,late,3,15,95,9,86,284,6180,77.75,46,3,0
passive-v3,passive-v3,D,5,late,late,4,15,78,8,70,257,5198,63.25,38,2,0
passive-v3,passive-v3,D,5,late,middle,5,15,30,2,28,101,1987,24.75,13,0,0
passive-v3,passive-v3,D,5,late,middle,6,15,20,1,19,65,1506,18.75,15,1,0
passive-v3,passive-v3,D,5,late,middle,7,15,12,0,12,39,862,10.25,6,1,0
passive-v3,passive-v3,D,5,late,middle,8,15,4,1,3,6,321,4.0,4,0,0
passive-v3,passive-v3,D,5,middle,early,10,15,98,0,98,343,6839,83.00,58,2,0
passive-v3,passive-v3,D,5,middle,early,11,15,45,0,45,143,3082,40.00,30,0,0
passive-v3,passive-v3,D,5,middle,early,12,15,27,0,27,68,1991,24.00,14,4,0
passive-v3,passive-v3,D,5,middle,early,13,15,2,0,2,2,158,1.5,1,0,0
passive-v3,passive-v3,D,5,middle,early,14,15,2,0,2,3,172,2.0,2,0,0
passive-v3,passive-v3,D,5,middle,late,0,15,8,1,7,26,402,5.00,2,0,0
passive-v3,passive-v3,D,5,middle,late,1,15,21,3,18,66,1155,15.75,8,0,0
passive-v3,passive-v3,D,5,middle,late,2,15,52,4,48,201,2793,33.25,15,1,0
passive-v3,passive-v3,D,5,middle,late,3,15,82,4,78,340,4958,63.50,39,3,0
passive-v3,passive-v3,D,5,middle,late,4,15,119,10,109,407,7101,88.25,48,0,0
passive-v3,passive-v3,D,5,middle,middle,5,15,130,9,121,515,7934,101.00,61,4,0
passive-v3,passive-v3,D,5,middle,middle,6,15,170,9,161,644,10521,132.75,77,2,0
passive-v3,passive-v3,D,5,middle,middle,7,15,170,10,160,621,10585,134.00,69,8,0
passive-v3,passive-v3,D,5,middle,middle,8,15,155,6,149,544,9804,118.75,62,5,0
passive-v3,passive-v3,D,5,middle,middle,9,15,127,1,126,460,8440,103.50,59,6,0
passive-v3,passive-v3,E,3,early,early,10,15,48,0,48,211,4414,36.5,31,0,0
passive-v3,passive-v3,E,3,early,early,11,15,71,0,71,305,6450,57.5,46,5,0
passive-v3,passive-v3,E,3,early,early,12,15,102,0,102,335,9203,81.5,65,2,0
passive-v3,passive-v3,E,3,early,early,13,15,92,0,92,317,9217,72.5,57,3,0
passive-v3,passive-v3,E,3,early,early,14,15,68,0,68,132,6472,55.5,44,4,0
passive-v3,passive-v3,E,3,early,early,15,15,64,0,64,97,7344,57.0,50,0,0
passive-v3,passive-v3,E,3,early,middle,6,15,1,0,1,5,55,1.0,1,0,0
passive-v3,passive-v3,E,3,early,middle,7,15,5,0,5,28,338,4.0,4,0,0
passive-v3,passive-v3,E,3,early,middle,8,15,9,0,9,44,797,8.0,8,0,0
passive-v3,passive-v3,E,3,early,middle,9,15,26,0,26,135,2288,19.5,17,0,0
passive-v3,passive-v3,E,3,late,late,0,15,84,1,83,313,8108,67.5,55,2,0
passive-v3,passive-v3,E,3,late,late,1,15,91,13,78,269,9052,70.0,55,2,0
passive-v3,passive-v3,E,3,late,late,2,15,74,12,62,328,7111,59.0,49,1,0
passive-v3,passive-v3,E,3,late,late,3,15,49,5,44,165,4748,38.5,28,2,0
passive-v3,passive-v3,E,3,late,late,4,15,43,8,35,141,4409,38.0,33,0,0
passive-v3,passive-v3,E,3,late,middle,5,15,23,2,21,64,2124,20.5,17,1,0
passive-v3,passive-v3,E,3,late,middle,6,15,14,0,14,46,1365,11.5,9,0,0
passive-v3,passive-v3,E,3,late,middle,7,15,4,0,4,7,384,3.5,3,0,0
passive-v3,passive-v3,E,3,late,middle,8,15,1,0,1,3,90,1.0,1,0,0
passive-v3,passive-v3,E,3,middle,early,10,15,64,0,64,157,6659,51.0,40,0,0
passive-v3,passive-v3,E,3,middle,early,11,15,54,0,54,146,5241,42.0,34,3,0
passive-v3,passive-v3,E,3,middle,early,12,15,12,0,12,23,1306,11.0,10,0,0
passive-v3,passive-v3,E,3,middle,early,13,15,8,0,8,11,1281,8.0,8,0,0
passive-v3,passive-v3,E,3,middle,late,0,15,6,0,6,28,472,4.0,4,0,0
passive-v3,passive-v3,E,3,middle,late,1,15,13,0,13,74,992,11.0,10,0,0
passive-v3,passive-v3,E,3,middle,late,2,15,19,3,16,75,1545,13.5,11,0,0
passive-v3,passive-v3,E,3,middle,late,3,15,42,3,39,182,3653,32.0,26,0,0
passive-v3,passive-v3,E,3,middle,late,4,15,68,6,62,270,6210,52.0,41,1,0
passive-v3,passive-v3,E,3,middle,middle,5,15,94,9,85,444,8785,71.5,59,1,0
passive-v3,passive-v3,E,3,middle,middle,6,15,101,6,95,334,9196,80.5,65,4,0
passive-v3,passive-v3,E,3,middle,middle,7,15,128,4,124,465,12814,105.5,92,1,0
passive-v3,passive-v3,E,3,middle,middle,8,15,103,1,102,346,10768,87.5,74,2,0
passive-v3,passive-v3,E,3,middle,middle,9,15,125,2,123,434,12415,102.5,85,6,0
passive-v3,passive-v3,E,4,early,early,10,14,110,1,109,477,7466,77.6666666666666642,49,7,0
passive-v3,passive-v3,E,4,early,early,11,14,99,0,99,355,6879,74.6666666666666643,48,2,0
passive-v3,passive-v3,E,4,early,early,12,14,125,0,125,382,8724,91.3333333333333304,58,2,0
passive-v3,passive-v3,E,4,early,early,13,14,85,0,85,159,6198,66.9999999999999976,47,2,0
passive-v3,passive-v3,E,4,early,early,14,14,48,0,48,71,3443,40.3333333333333320,27,2,0
passive-v3,passive-v3,E,4,early,middle,6,14,3,0,3,25,182,1.3333333333333333,1,0,0
passive-v3,passive-v3,E,4,early,middle,7,14,18,0,18,92,1079,8.6666666666666662,3,0,0
passive-v3,passive-v3,E,4,early,middle,8,14,59,0,59,330,3887,38.6666666666666651,22,1,0
passive-v3,passive-v3,E,4,early,middle,9,14,58,0,58,259,3609,37.3333333333333320,24,0,0
passive-v3,passive-v3,E,4,late,late,0,14,110,3,107,407,7453,80.6666666666666641,52,3,0
passive-v3,passive-v3,E,4,late,late,1,14,99,11,88,313,6953,77.9999999999999978,52,3,0
passive-v3,passive-v3,E,4,late,late,2,14,83,13,70,316,5449,55.6666666666666643,32,1,0
passive-v3,passive-v3,E,4,late,late,3,14,55,6,49,156,3922,43.6666666666666654,30,0,0
passive-v3,passive-v3,E,4,late,late,4,14,36,3,33,146,2477,27.3333333333333324,17,1,0
passive-v3,passive-v3,E,4,late,middle,5,14,15,0,15,49,910,10.9999999999999994,5,0,0
passive-v3,passive-v3,E,4,late,middle,6,14,5,0,5,22,321,4.6666666666666666,4,0,0
passive-v3,passive-v3,E,4,late,middle,7,14,1,0,1,3,54,0.6666666666666666,0,0,0
passive-v3,passive-v3,E,4,late,middle,8,14,1,0,1,2,71,1.0,1,0,0
passive-v3,passive-v3,E,4,middle,early,10,14,48,1,47,113,3667,40.6666666666666656,25,4,0
passive-v3,passive-v3,E,4,middle,early,11,14,23,0,23,55,1631,20.3333333333333330,15,0,0
passive-v3,passive-v3,E,4,middle,early,12,14,4,0,4,17,388,4.0,4,0,0
passive-v3,passive-v3,E,4,middle,late,0,14,19,1,18,72,1236,10.6666666666666662,6,0,0
passive-v3,passive-v3,E,4,middle,late,1,14,37,5,32,131,2318,20.3333333333333327,11,1,0
passive-v3,passive-v3,E,4,middle,late,2,14,57,5,52,219,3860,43.9999999999999991,32,3,0
passive-v3,passive-v3,E,4,middle,late,3,14,108,12,96,453,7294,74.6666666666666640,42,6,0
passive-v3,passive-v3,E,4,middle,late,4,14,131,7,124,489,9096,92.9999999999999976,68,1,0
passive-v3,passive-v3,E,4,middle,middle,5,14,153,8,145,633,10412,102.9999999999999963,64,2,0
passive-v3,passive-v3,E,4,middle,middle,6,14,144,11,133,596,10443,113.3333333333333300,74,6,0
passive-v3,passive-v3,E,4,middle,middle,7,14,120,5,115,422,7920,87.3333333333333307,58,3,0
passive-v3,passive-v3,E,4,middle,middle,8,14,119,4,115,385,8375,88.9999999999999973,58,3,0
passive-v3,passive-v3,E,4,middle,middle,9,14,68,0,68,202,4689,53.6666666666666646,32,0,0
passive-v3,passive-v3,E,5,early,early,10,15,75,1,74,301,4041,51.00,26,0,0
passive-v3,passive-v3,E,5,early,early,11,15,100,0,100,354,5406,73.25,34,3,0
passive-v3,passive-v3,E,5,early,early,12,15,121,1,120,391,6853,91.25,44,1,0
passive-v3,passive-v3,E,5,early,early,13,15,152,0,152,434,8638,116.25,65,1,0
passive-v3,passive-v3,E,5,early,early,14,15,143,0,143,275,7902,101.00,45,0,0
passive-v3,passive-v3,E,5,early,early,15,15,77,0,77,107,4390,60.75,40,0,0
passive-v3,passive-v3,E,5,early,middle,6,15,1,0,1,3,41,0.75,0,0,0
passive-v3,passive-v3,E,5,early,middle,7,15,8,0,8,42,446,6.75,5,0,0
passive-v3,passive-v3,E,5,early,middle,8,15,15,1,14,72,793,9.50,3,0,0
passive-v3,passive-v3,E,5,early,middle,9,15,49,0,49,216,2482,34.50,12,0,0
passive-v3,passive-v3,E,5,late,late,0,15,141,4,137,440,7679,101.75,50,1,0
passive-v3,passive-v3,E,5,late,late,1,15,137,29,108,395,7466,100.25,51,0,0
passive-v3,passive-v3,E,5,late,late,2,15,124,18,106,418,6743,90.75,40,4,0
passive-v3,passive-v3,E,5,late,late,3,15,90,9,81,332,5029,69.00,33,1,0
passive-v3,passive-v3,E,5,late,late,4,15,84,8,76,275,4500,63.00,32,0,0
passive-v3,passive-v3,E,5,late,middle,5,15,43,8,35,149,2216,31.25,16,0,0
passive-v3,passive-v3,E,5,late,middle,6,15,35,5,30,98,1946,24.00,12,0,0
passive-v3,passive-v3,E,5,late,middle,7,15,9,2,7,17,514,7.25,4,0,0
passive-v3,passive-v3,E,5,late,middle,8,15,4,2,2,2,191,3.50,2,0,0
passive-v3,passive-v3,E,5,middle,early,10,15,96,1,95,326,5931,76.25,47,1,0
passive-v3,passive-v3,E,5,middle,early,11,15,48,0,48,189,2805,39.75,24,0,0
passive-v3,passive-v3,E,5,middle,early,12,15,25,0,25,52,1335,19.00,9,0,0
passive-v3,passive-v3,E,5,middle,early,13,15,12,0,12,28,724,10.25,6,0,0
passive-v3,passive-v3,E,5,middle,early,14,15,2,0,2,2,117,2.0,2,0,0
passive-v3,passive-v3,E,5,middle,late,0,15,7,0,7,27,364,4.75,2,0,0
passive-v3,passive-v3,E,5,middle,late,1,15,15,1,14,53,880,11.75,5,0,0
passive-v3,passive-v3,E,5,middle,late,2,15,44,3,41,162,2411,32.00,15,0,0
passive-v3,passive-v3,E,5,middle,late,3,15,64,8,56,250,3403,43.00,18,0,0
passive-v3,passive-v3,E,5,middle,late,4,15,104,11,93,351,5765,80.00,37,2,0
passive-v3,passive-v3,E,5,middle,middle,5,15,145,9,136,536,7728,106.50,46,3,0
passive-v3,passive-v3,E,5,middle,middle,6,15,147,11,136,566,8147,106.75,60,0,0
passive-v3,passive-v3,E,5,middle,middle,7,15,197,13,184,687,10827,141.75,67,1,0
passive-v3,passive-v3,E,5,middle,middle,8,15,143,6,137,525,7535,92.75,35,0,0
passive-v3,passive-v3,E,5,middle,middle,9,15,137,1,136,429,7649,102.75,52,1,0
random,bot_e0e2c541-1615-4f47-983c-224e7d888d89,A,3,early,early,10,15,37,4,33,160,553,0.5,0,0,0
random,bot_e0e2c541-1615-4f47-983c-224e7d888d89,A,3,early,early,11,15,74,10,64,320,1862,5.5,2,0,0
random,bot_e0e2c541-1615-4f47-983c-224e7d888d89,A,3,early,early,12,15,109,15,94,518,2084,3.0,1,0,0
random,bot_e0e2c541-1615-4f47-983c-224e7d888d89,A,3,early,early,13,15,153,10,143,1129,2345,5.0,4,0,0
random,bot_e0e2c541-1615-4f47-983c-224e7d888d89,A,3,early,early,14,15,130,11,119,949,2104,6.0,5,0,0
random,bot_e0e2c541-1615-4f47-983c-224e7d888d89,A,3,early,early,15,15,67,0,67,775,301,0.0,0,0,0
random,bot_e0e2c541-1615-4f47-983c-224e7d888d89,A,3,early,middle,8,15,8,2,6,19,355,2.0,0,0,0
random,bot_e0e2c541-1615-4f47-983c-224e7d888d89,A,3,early,middle,9,15,21,6,15,80,577,4.5,4,0,0
random,bot_e0e2c541-1615-4f47-983c-224e7d888d89,A,3,late,late,0,15,84,43,41,105,1348,3.5,2,0,0
random,bot_e0e2c541-1615-4f47-983c-224e7d888d89,A,3,late,late,1,15,92,37,55,242,1316,3.0,2,0,0
random,bot_e0e2c541-1615-4f47-983c-224e7d888d89,A,3,late,late,2,15,75,28,47,174,1159,3.5,2,0,0
random,bot_e0e2c541-1615-4f47-983c-224e7d888d89,A,3,late,late,3,15,63,27,36,170,982,1.5,0,0,0
random,bot_e0e2c541-1615-4f47-983c-224e7d888d89,A,3,late,late,4,15,28,6,22,110,79,0.5,0,0,0
random,bot_e0e2c541-1615-4f47-983c-224e7d888d89,A,3,late,middle,5,15,23,8,15,56,17,0.5,0,0,0
random,bot_e0e2c541-1615-4f47-983c-224e7d888d89,A,3,late,middle,6,15,11,3,8,19,138,0.0,0,0,0
random,bot_e0e2c541-1615-4f47-983c-224e7d888d89,A,3,late,middle,7,15,2,1,1,1,-25,0.0,0,0,0
random,bot_e0e2c541-1615-4f47-983c-224e7d888d89,A,3,late,middle,8,15,3,1,2,12,12,0.0,0,0,0
random,bot_e0e2c541-1615-4f47-983c-224e7d888d89,A,3,middle,early,10,15,64,9,55,267,885,0.5,0,0,0
random,bot_e0e2c541-1615-4f47-983c-224e7d888d89,A,3,middle,early,11,15,53,4,49,210,965,2.5,1,0,0
random,bot_e0e2c541-1615-4f47-983c-224e7d888d89,A,3,middle,early,12,15,30,3,27,87,444,1.0,1,0,0
random,bot_e0e2c541-1615-4f47-983c-224e7d888d89,A,3,middle,early,13,15,9,2,7,58,-144,0.0,0,0,0
random,bot_e0e2c541-1615-4f47-983c-224e7d888d89,A,3,middle,early,14,15,3,0,3,5,15,0.0,0,0,0
random,bot_e0e2c541-1615-4f47-983c-224e7d888d89,A,3,middle,late,0,15,3,2,1,1,124,0.0,0,0,0
random,bot_e0e2c541-1615-4f47-983c-224e7d888d89,A,3,middle,late,1,15,5,5,0,0,90,0.0,0,0,0
random,bot_e0e2c541-1615-4f47-983c-224e7d888d89,A,3,middle,late,2,15,18,6,12,27,510,1.5,1,0,0
random,bot_e0e2c541-1615-4f47-983c-224e7d888d89,A,3,middle,late,3,15,47,18,29,129,899,3.0,3,0,0
random,bot_e0e2c541-1615-4f47-983c-224e7d888d89,A,3,middle,late,4,15,56,16,40,142,1578,3.0,2,0,0
random,bot_e0e2c541-1615-4f47-983c-224e7d888d89,A,3,middle,middle,5,15,74,25,49,194,964,2.0,1,0,0
random,bot_e0e2c541-1615-4f47-983c-224e7d888d89,A,3,middle,middle,6,15,101,31,70,249,2023,5.0,2,0,0
random,bot_e0e2c541-1615-4f47-983c-224e7d888d89,A,3,middle,middle,7,15,90,26,64,249,1329,3.5,0,0,0
random,bot_e0e2c541-1615-4f47-983c-224e7d888d89,A,3,middle,middle,8,15,102,32,70,210,1610,6.0,4,0,0
random,bot_e0e2c541-1615-4f47-983c-224e7d888d89,A,3,middle,middle,9,15,70,11,59,278,1139,1.5,1,0,0
random,bot_e0e2c541-1615-4f47-983c-224e7d888d89,A,4,early,early,10,14,110,17,93,552,675,0.9999999999999999,0,0,0
random,bot_e0e2c541-1615-4f47-983c-224e7d888d89,A,4,early,early,11,14,139,20,119,649,1786,10.3333333333333324,1,0,0
random,bot_e0e2c541-1615-4f47-983c-224e7d888d89,A,4,early,early,12,14,131,15,116,835,998,8.6666666666666660,2,0,0
random,bot_e0e2c541-1615-4f47-983c-224e7d888d89,A,4,early,early,13,14,153,10,143,1154,721,5.3333333333333328,0,0,0
random,bot_e0e2c541-1615-4f47-983c-224e7d888d89,A,4,early,early,14,14,104,0,104,1099,-901,1.3333333333333332,0,0,0
random,bot_e0e2c541-1615-4f47-983c-224e7d888d89,A,4,early,middle,5,14,2,0,2,6,84,1.0,1,0,0
random,bot_e0e2c541-1615-4f47-983c-224e7d888d89,A,4,early,middle,6,14,6,4,2,11,54,0.3333333333333333,0,0,0
random,bot_e0e2c541-1615-4f47-983c-224e7d888d89,A,4,early,middle,7,14,19,6,13,58,486,1.9999999999999999,1,0,0
random,bot_e0e2c541-1615-4f47-983c-224e7d888d89,A,4,early,middle,8,14,34,8,26,177,332,0.6666666666666666,0,0,0
random,bot_e0e2c541-1615-4f47-983c-224e7d888d89,A,4,early,middle,9,14,72,16,56,289,1131,4.6666666666666663,1,0,0
random,bot_e0e2c541-1615-4f47-983c-224e7d888d89,A,4,late,late,0,14,97,44,53,149,522,3.9999999999999996,0,0,0
random,bot_e0e2c541-1615-4f47-983c-224e7d888d89,A,4,late,late,1,14,94,34,60,301,133,3.9999999999999996,0,0,0
random,bot_e0e2c541-1615-4f47-983c-224e7d888d89,A,4,late,late,2,14,83,31,52,256,309,1.9999999999999998,0,0,0
random,bot_e0e2c541-1615-4f47-983c-224e7d888d89,A,4,late,late,3,14,54,20,34,205,-165,2.6666666666666664,0,0,0
random,bot_e0e2c541-1615-4f47-983c-224e7d888d89,A,4,late,late,4,14,27,10,17,75,-138,1.3333333333333332,0,0,0
random,bot_e0e2c541-1615-4f47-983c-224e7d888d89,A,4,late,middle,5,14,11,3,8,53,-153,0.0,0,0,0
random,bot_e0e2c541-1615-4f47-983c-224e7d888d89,A,4,late,middle,6,14,3,0,3,18,-57,0.0,0,0,0
random,bot_e0e2c541-1615-4f47-983c-224e7d888d89,A,4,middle,early,10,14,42,3,39,169,-533,1.6666666666666665,0,0,0
random,bot_e0e2c541-1615-4f47-983c-224e7d888d89,A,4,middle,early,11,14,18,2,16,80,67,0.9999999999999999,0,0,0
random,bot_e0e2c541-1615-4f47-983c-224e7d888d89,A,4,middle,early,12,14,9,1,8,36,-202,0.0,0,0,0
random,bot_e0e2c541-1615-4f47-983c-224e7d888d89,A,4,middle,early,13,14,1,0,1,1,13,0.0,0,0,0
random,bot_e0e2c541-1615-4f47-983c-224e7d888d89,A,4,middle,late,0,14,20,8,12,35,348,1.3333333333333333,1,0,0
random,bot_e0e2c541-1615-4f47-983c-224e7d888d89,A,4,middle,late,1,14,44,12,32,144,779,2.0,2,0,0
random,bot_e0e2c541-1615-4f47-983c-224e7d888d89,A,4,middle,late,2,14,46,15,31,135,618,1.6666666666666665,0,0,0
random,bot_e0e2c541-1615-4f47-983c-224e7d888d89,A,4,middle,late,3,14,77,29,48,236,1000,3.9999999999999997,1,0,0
random,bot_e0e2c541-1615-4f47-983c-224e7d888d89,A,4,middle,late,4,14,104,36,68,318,550,3.6666666666666663,0,0,0
random,bot_e0e2c541-1615-4f47-983c-224e7d888d89,A,4,middle,middle,5,14,132,43,89,395,819,5.6666666666666661,0,0,0
random,bot_e0e2c541-1615-4f47-983c-224e7d888d89,A,4,middle,middle,6,14,126,31,95,447,1002,4.3333333333333329,0,0,0
random,bot_e0e2c541-1615-4f47-983c-224e7d888d89,A,4,middle,middle,7,14,126,28,98,391,1407,7.6666666666666659,0,0,0
random,bot_e0e2c541-1615-4f47-983c-224e7d888d89,A,4,middle,middle,8,14,93,23,70,325,-172,2.6666666666666664,0,0,0
random,bot_e0e2c541-1615-4f47-983c-224e7d888d89,A,4,middle,middle,9,14,73,21,52,273,270,2.9999999999999997,0,0,0
random,bot_e0e2c541-1615-4f47-983c-224e7d888d89,A,5,early,early,10,15,86,20,66,318,552,4.50,0,0,0
random,bot_e0e2c541-1615-4f47-983c-224e7d888d89,A,5,early,early,11,15,114,23,91,445,91,3.50,1,0,0
random,bot_e0e2c541-1615-4f47-983c-224e7d888d89,A,5,early,early,12,15,152,32,120,658,-116,4.50,0,0,0
random,bot_e0e2c541-1615-4f47-983c-224e7d888d89,A,5,early,early,13,15,179,23,156,1026,-364,4.75,2,0,0
random,bot_e0e2c541-1615-4f47-983c-224e7d888d89,A,5,early,early,14,15,211,9,202,1367,-409,7.00,2,0,0
random,bot_e0e2c541-1615-4f47-983c-224e7d888d89,A,5,early,early,15,15,135,4,131,1200,-962,5.00,0,0,0
random,bot_e0e2c541-1615-4f47-983c-224e7d888d89,A,5,early,middle,7,15,3,2,1,1,27,0.0,0,0,0
random,bot_e0e2c541-1615-4f47-983c-224e7d888d89,A,5,early,middle,8,15,15,3,12,30,124,0.25,0,0,0
random,bot_e0e2c541-1615-4f47-983c-224e7d888d89,A,5,early,middle,9,15,36,12,24,123,158,3.75,2,0,0
random,bot_e0e2c541-1615-4f47-983c-224e7d888d89,A,5,late,late,0,15,133,67,66,164,-139,4.25,0,0,0
random,bot_e0e2c541-1615-4f47-983c-224e7d888d89,A,5,late,late,1,15,133,51,82,396,-372,5.50,0,0,0
random,bot_e0e2c541-1615-4f47-983c-224e7d888d89,A,5,late,late,2,15,104,38,66,356,-326,1.75,0,0,0
random,bot_e0e2c541-1615-4f47-983c-224e7d888d89,A,5,late,late,3,15,97,38,59,310,-457,2.50,0,0,0
random,bot_e0e2c541-1615-4f47-983c-224e7d888d89,A,5,late,late,4,15,63,22,41,149,-270,2.50,0,0,0
random,bot_e0e2c541-1615-4f47-983c-224e7d888d89,A,5,late,middle,5,15,30,16,14,103,-295,0.0,0,0,0
random,bot_e0e2c541-1615-4f47-983c-224e7d888d89,A,5,late,middle,6,15,16,3,13,60,-382,0.0,0,0,0
random,bot_e0e2c541-1615-4f47-983c-224e7d888d89,A,5,late,middle,7,15,8,2,6,30,-129,0.0,0,0,0
random,bot_e0e2c541-1615-4f47-983c-224e7d888d89,A,5,late,middle,8,15,1,0,1,8,-28,0.0,0,0,0
random,bot_e0e2c541-1615-4f47-983c-224e7d888d89,A,5,late,middle,9,15,1,1,0,0,-2,0.0,0,0,0
random,bot_e0e2c541-1615-4f47-983c-224e7d888d89,A,5,middle,early,10,15,94,26,68,345,-360,1.75,0,0,0
random,bot_e0e2c541-1615-4f47-983c-224e7d888d89,A,5,middle,early,11,15,58,14,44,234,-436,0.0,0,0,0
random,bot_e0e2c541-1615-4f47-983c-224e7d888d89,A,5,middle,early,12,15,31,10,21,162,-211,1.50,0,0,0
random,bot_e0e2c541-1615-4f47-983c-224e7d888d89,A,5,middle,early,13,15,6,0,6,40,-4,0.0,0,0,0
random,bot_e0e2c541-1615-4f47-983c-224e7d888d89,A,5,middle,late,0,15,9,5,4,15,47,1.0,1,0,0
random,bot_e0e2c541-1615-4f47-983c-224e7d888d89,A,5,middle,late,1,15,18,8,10,23,199,2.00,1,0,0
random,bot_e0e2c541-1615-4f47-983c-224e7d888d89,A,5,middle,late,2,15,43,17,26,82,113,0.75,0,0,0
random,bot_e0e2c541-1615-4f47-983c-224e7d888d89,A,5,middle,late,3,15,64,22,42,231,95,2.25,1,0,0
random,bot_e0e2c541-1615-4f47-983c-224e7d888d89,A,5,middle,late,4,15,86,29,57,218,256,3.50,1,0,0
random,bot_e0e2c541-1615-4f47-983c-224e7d888d89,A,5,middle,middle,5,15,124,45,79,354,284,5.00,1,0,0
random,bot_e0e2c541-1615-4f47-983c-224e7d888d89,A,5,middle,middle,6,15,134,51,83,384,-102,5.75,1,0,0
random,bot_e0e2c541-1615-4f47-983c-224e7d888d89,A,5,middle,middle,7,15,127,35,92,377,390,5.25,0,0,0
random,bot_e0e2c541-1615-4f47-983c-224e7d888d89,A,5,middle,middle,8,15,139,34,105,526,-366,5.75,1,0,0
random,bot_e0e2c541-1615-4f47-983c-224e7d888d89,A,5,middle,middle,9,15,115,30,85,420,-354,5.0,0,0,0
random,bot_e0e2c541-1615-4f47-983c-224e7d888d89,B,3,early,early,10,15,50,4,46,200,1125,3.0,0,0,0
random,bot_e0e2c541-1615-4f47-983c-224e7d888d89,B,3,early,early,11,15,56,14,42,196,1040,2.5,0,0,0
random,bot_e0e2c541-1615-4f47-983c-224e7d888d89,B,3,early,early,12,15,104,14,90,505,1871,3.0,0,0,0
random,bot_e0e2c541-1615-4f47-983c-224e7d888d89,B,3,early,early,13,15,147,14,133,956,2583,4.5,0,0,0
random,bot_e0e2c541-1615-4f47-983c-224e7d888d89,B,3,early,early,14,15,123,5,118,1048,1929,4.5,0,0,0
random,bot_e0e2c541-1615-4f47-983c-224e7d888d89,B,3,early,early,15,15,85,1,84,853,1548,8.0,0,0,0
random,bot_e0e2c541-1615-4f47-983c-224e7d888d89,B,3,early,middle,7,15,2,1,1,19,71,0.0,0,0,0
random,bot_e0e2c541-1615-4f47-983c-224e7d888d89,B,3,early,middle,8,15,4,1,3,11,66,0.5,0,0,0
random,bot_e0e2c541-1615-4f47-983c-224e7d888d89,B,3,early,middle,9,15,25,6,19,85,541,2.0,0,0,0
random,bot_e0e2c541-1615-4f47-983c-224e7d888d89,B,3,late,late,0,15,82,42,40,137,1454,4.5,0,0,0
random,bot_e0e2c541-1615-4f47-983c-224e7d888d89,B,3,late,late,1,15,77,26,51,206,887,1.5,0,0,0
random,bot_e0e2c541-1615-4f47-983c-224e7d888d89,B,3,late,late,2,15,78,29,49,232,1363,3.5,0,0,0
random,bot_e0e2c541-1615-4f47-983c-224e7d888d89,B,3,late,late,3,15,68,13,55,223,836,1.0,0,0,0
random,bot_e0e2c541-1615-4f47-983c-224e7d888d89,B,3,late,late,4,15,35,12,23,96,290,1.0,0,0,0
random,bot_e0e2c541-1615-4f47-983c-224e7d888d89,B,3,late,middle,5,15,30,9,21,122,307,0.0,0,0,0
random,bot_e0e2c541-1615-4f47-983c-224e7d888d89,B,3,late,middle,6,15,15,2,13,60,146,0.0,0,0,0
random,bot_e0e2c541-1615-4f47-983c-224e7d888d89,B,3,late,middle,7,15,7,3,4,6,96,0.0,0,0,0
random,bot_e0e2c541-1615-4f47-983c-224e7d888d89,B,3,late,middle,8,15,3,1,2,23,30,0.0,0,0,0
random,bot_e0e2c541-1615-4f47-983c-224e7d888d89,B,3,middle,early,10,15,65,14,51,172,1062,3.0,0,0,0
random,bot_e0e2c541-1615-4f47-983c-224e7d888d89,B,3,middle,early,11,15,42,11,31,158,723,1.0,0,0,0
random,bot_e0e2c541-1615-4f47-983c-224e7d888d89,B,3,middle,early,12,15,25,2,23,87,259,0.5,0,0,0
random,bot_e0e2c541-1615-4f47-983c-224e7d888d89,B,3,middle,early,13,15,9,2,7,19,212,0.5,0,0,0
random,bot_e0e2c541-1615-4f47-983c-224e7d888d89,B,3,middle,early,14,15,1,0,1,1,14,0.0,0,0,0
random,bot_e0e2c541-1615-4f47-983c-224e7d888d89,B,3,middle,late,0,15,5,2,3,13,146,0.0,0,0,0
random,bot_e0e2c541-1615-4f47-983c-224e7d888d89,B,3,middle,late,1,15,6,3,3,3,181,1.0,0,0,0
random,bot_e0e2c541-1615-4f47-983c-224e7d888d89,B,3,middle,late,2,15,28,11,17,62,848,4.0,0,0,0
random,bot_e0e2c541-1615-4f47-983c-224e7d888d89,B,3,middle,late,3,15,39,16,23,85,665,1.0,0,0,0
random,bot_e0e2c541-1615-4f47-983c-224e7d888d89,B,3,middle,late,4,15,61,26,35,128,1191,3.0,0,0,0
random,bot_e0e2c541-1615-4f47-983c-224e7d888d89,B,3,middle,middle,5,15,74,26,48,190,1230,5.0,0,0,0
random,bot_e0e2c541-1615-4f47-983c-224e7d888d89,B,3,middle,middle,6,15,91,22,69,234,1721,4.0,0,0,0
random,bot_e0e2c541-1615-4f47-983c-224e7d888d89,B,3,middle,middle,7,15,98,28,70,254,1455,5.5,0,0,0
random,bot_e0e2c541-1615-4f47-983c-224e7d888d89,B,3,middle,middle,8,15,105,25,80,247,1975,3.0,0,0,0
random,bot_e0e2c541-1615-4f47-983c-224e7d888d89,B,3,middle,middle,9,15,86,20,66,216,1421,2.0,0,0,0
random,bot_e0e2c541-1615-4f47-983c-224e7d888d89,B,4,early,early,10,14,107,17,90,514,-103,0.9999999999999999,0,0,0
random,bot_e0e2c541-1615-4f47-983c-224e7d888d89,B,4,early,early,11,14,140,17,123,629,102,4.3333333333333329,0,0,0
random,bot_e0e2c541-1615-4f47-983c-224e7d888d89,B,4,early,early,12,14,195,15,180,1233,714,10.6666666666666662,6,0,0
random,bot_e0e2c541-1615-4f47-983c-224e7d888d89,B,4,early,early,13,14,162,9,153,1109,-313,5.6666666666666663,2,0,0
random,bot_e0e2c541-1615-4f47-983c-224e7d888d89,B,4,early,early,14,14,90,1,89,935,-703,2.3333333333333331,0,0,0
random,bot_e0e2c541-1615-4f47-983c-224e7d888d89,B,4,early,middle,6,14,3,0,3,14,42,0.3333333333333333,0,0,0
random,bot_e0e2c541-1615-4f47-983c-224e7d888d89,B,4,early,middle,7,14,12,2,10,33,172,0.3333333333333333,0,0,0
random,bot_e0e2c541-1615-4f47-983c-224e7d888d89,B,4,early,middle,8,14,26,6,20,83,104,0.6666666666666666,0,0,0
random,bot_e0e2c541-1615-4f47-983c-224e7d888d89,B,4,early,middle,9,14,44,11,33,160,550,2.9999999999999997,0,0,0
random,bot_e0e2c541-1615-4f47-983c-224e7d888d89,B,4,late,late,0,14,101,49,52,195,-104,3.3333333333333331,1,0,0
random,bot_e0e2c541-1615-4f47-983c-224e7d888d89,B,4,late,late,1,14,95,34,61,320,-410,2.9999999999999998,1,0,0
random,bot_e0e2c541-1615-4f47-983c-224e7d888d89,B,4,late,late,2,14,73,16,57,268,-100,2.6666666666666665,1,0,0
random,bot_e0e2c541-1615-4f47-983c-224e7d888d89,B,4,late,late,3,14,58,22,36,248,-336,0.6666666666666666,0,0,0
random,bot_e0e2c541-1615-4f47-983c-224e7d888d89,B,4,late,late,4,14,35,12,23,100,174,3.3333333333333333,3,0,0
random,bot_e0e2c541-1615-4f47-983c-224e7d888d89,B,4,late,middle,5,14,16,6,10,28,-53,0.6666666666666666,0,0,0
random,bot_e0e2c541-1615-4f47-983c-224e7d888d89,B,4,late,middle,6,14,14,3,11,55,20,0.0,0,0,0
random,bot_e0e2c541-1615-4f47-983c-224e7d888d89,B,4,late,middle,7,14,3,2,1,17,-48,0.0,0,0,0
random,bot_e0e2c541-1615-4f47-983c-224e7d888d89,B,4,middle,early,10,14,79,17,62,289,-313,1.3333333333333332,0,0,0
random,bot_e0e2c541-1615-4f47-983c-224e7d888d89,B,4,middle,early,11,14,33,8,25,115,-240,1.0,1,0,0
random,bot_e0e2c541-1615-4f47-983c-224e7d888d89,B,4,middle,early,12,14,11,0,11,63,-45,0.0,0,0,0
random,bot_e0e2c541-1615-4f47-983c-224e7d888d89,B,4,middle,early,13,14,1,1,0,0,30,0.0,0,0,0
random,bot_e0e2c541-1615-4f47-983c-224e7d888d89,B,4,middle,late,0,14,14,8,6,9,218,0.6666666666666666,0,0,0
random,bot_e0e2c541-1615-4f47-983c-224e7d888d89,B,4,middle,late,1,14,25,10,15,37,256,0.9999999999999999,0,0,0
random,bot_e0e2c541-1615-4f47-983c-224e7d888d89,B,4,middle,late,2,14,37,13,24,158,59,0.6666666666666666,0,0,0
random,bot_e0e2c541-1615-4f47-983c-224e7d888d89,B,4,middle,late,3,14,83,26,57,245,339,4.9999999999999995,0,0,0
random,bot_e0e2c541-1615-4f47-983c-224e7d888d89,B,4,middle,late,4,14,82,29,53,247,78,1.6666666666666665,0,0,0
random,bot_e0e2c541-1615-4f47-983c-224e7d888d89,B,4,middle,middle,5,14,105,26,79,320,241,4.6666666666666663,1,0,0
random,bot_e0e2c541-1615-4f47-983c-224e7d888d89,B,4,middle,middle,6,14,119,35,84,378,-106,2.9999999999999997,0,0,0
random,bot_e0e2c541-1615-4f47-983c-224e7d888d89,B,4,middle,middle,7,14,120,31,89,433,326,3.9999999999999997,1,0,0
random,bot_e0e2c541-1615-4f47-983c-224e7d888d89,B,4,middle,middle,8,14,115,31,84,350,9,6.3333333333333330,3,0,0
random,bot_e0e2c541-1615-4f47-983c-224e7d888d89,B,4,middle,middle,9,14,77,13,64,281,-108,1.9999999999999999,1,0,0
random,bot_e0e2c541-1615-4f47-983c-224e7d888d89,B,5,early,early,10,15,62,17,45,191,423,7.75,5,0,0
random,bot_e0e2c541-1615-4f47-983c-224e7d888d89,B,5,early,early,11,15,124,22,102,555,1031,9.50,1,0,0
random,bot_e0e2c541-1615-4f47-983c-224e7d888d89,B,5,early,early,12,15,148,30,118,666,768,12.75,5,0,0
random,bot_e0e2c541-1615-4f47-983c-224e7d888d89,B,5,early,early,13,15,201,24,177,1114,1096,9.00,2,0,0
random,bot_e0e2c541-1615-4f47-983c-224e7d888d89,B,5,early,early,14,15,190,12,178,1181,377,12.25,1,0,0
random,bot_e0e2c541-1615-4f47-983c-224e7d888d89,B,5,early,early,15,15,131,2,129,1115,126,5.25,0,0,0
random,bot_e0e2c541-1615-4f47-983c-224e7d888d89,B,5,early,middle,5,15,1,0,1,8,55,0.75,0,0,0
random,bot_e0e2c541-1615-4f47-983c-224e7d888d89,B,5,early,middle,6,15,2,1,1,2,41,0.5,0,0,0
random,bot_e0e2c541-1615-4f47-983c-224e7d888d89,B,5,early,middle,7,15,9,3,6,32,104,1.00,0,0,0
random,bot_e0e2c541-1615-4f47-983c-224e7d888d89,B,5,early,middle,8,15,19,8,11,40,292,1.50,0,0,0
random,bot_e0e2c541-1615-4f47-983c-224e7d888d89,B,5,early,middle,9,15,47,15,32,102,364,3.50,0,0,0
random,bot_e0e2c541-1615-4f47-983c-224e7d888d89,B,5,late,late,0,15,130,56,74,195,472,7.50,2,0,0
random,bot_e0e2c541-1615-4f47-983c-224e7d888d89,B,5,late,late,1,15,130,48,82,409,157,6.50,1,0,0
random,bot_e0e2c541-1615-4f47-983c-224e7d888d89,B,5,late,late,2,15,106,36,70,281,170,6.00,2,0,0
random,bot_e0e2c541-1615-4f47-983c-224e7d888d89,B,5,late,late,3,15,67,23,44,253,-168,1.0,1,0,0
random,bot_e0e2c541-1615-4f47-983c-224e7d888d89,B,5,late,late,4,15,50,14,36,131,-383,1.25,0,0,0
random,bot_e0e2c541-1615-4f47-983c-224e7d888d89,B,5,late,middle,5,15,35,12,23,149,-45,0.25,0,0,0
random,bot_e0e2c541-1615-4f47-983c-224e7d888d89,B,5,late,middle,6,15,28,9,19,98,-277,0.25,0,0,0
random,bot_e0e2c541-1615-4f47-983c-224e7d888d89,B,5,late,middle,7,15,6,1,5,12,-77,0.25,0,0,0
random,bot_e0e2c541-1615-4f47-983c-224e7d888d89,B,5,late,middle,8,15,4,2,2,13,-39,0.0,0,0,0
random,bot_e0e2c541-1615-4f47-983c-224e7d888d89,B,5,late,middle,9,15,3,0,3,25,36,0.0,0,0,0
random,bot_e0e2c541-1615-4f47-983c-224e7d888d89,B,5,middle,early,10,15,88,29,59,277,-81,1.00,0,0,0
random,bot_e0e2c541-1615-4f47-983c-224e7d888d89,B,5,middle,early,11,15,45,11,34,161,112,1.75,0,0,0
random,bot_e0e2c541-1615-4f47-983c-224e7d888d89,B,5,middle,early,12,15,23,5,18,87,-53,0.75,0,0,0
random,bot_e0e2c541-1615-4f47-983c-224e7d888d89,B,5,middle,early,13,15,8,1,7,38,33,0.0,0,0,0
random,bot_e0e2c541-1615-4f47-983c-224e7d888d89,B,5,middle,early,14,15,1,0,1,14,8,0.0,0,0,0
random,bot_e0e2c541-1615-4f47-983c-224e7d888d89,B,5,middle,late,0,15,13,6,7,12,289,2.25,0,0,0
random,bot_e0e2c541-1615-4f47-983c-224e7d888d89,B,5,middle,late,1,15,27,12,15,46,440,2.75,0,0,0
random,bot_e0e2c541-1615-4f47-983c-224e7d888d89,B,5,middle,late,2,15,36,19,17,63,499,2.75,0,0,0
random,bot_e0e2c541-1615-4f47-983c-224e7d888d89,B,5,middle,late,3,15,90,29,61,265,840,7.25,2,0,0
random,bot_e0e2c541-1615-4f47-983c-224e7d888d89,B,5,middle,late,4,15,83,37,46,214,783,4.00,0,0,0
random,bot_e0e2c541-1615-4f47-983c-224e7d888d89,B,5,middle,middle,5,15,112,35,77,361,545,8.75,3,0,0
random,bot_e0e2c541-1615-4f47-983c-224e7d888d89,B,5,middle,middle,6,15,118,42,76,306,902,8.00,1,0,0
random,bot_e0e2c541-1615-4f47-983c-224e7d888d89,B,5,middle,middle,7,15,171,51,120,592,442,10.50,2,0,0
random,bot_e0e2c541-1615-4f47-983c-224e7d888d89,B,5,middle,middle,8,15,135,40,95,429,321,10.00,4,0,0
random,bot_e0e2c541-1615-4f47-983c-224e7d888d89,B,5,middle,middle,9,15,96,28,68,240,351,7.00,2,0,0
random,bot_e0e2c541-1615-4f47-983c-224e7d888d89,C,3,early,early,10,15,64,16,48,249,775,2.0,0,0,0
random,bot_e0e2c541-1615-4f47-983c-224e7d888d89,C,3,early,early,11,15,72,11,61,317,829,0.0,0,0,0
random,bot_e0e2c541-1615-4f47-983c-224e7d888d89,C,3,early,early,12,15,115,14,101,767,578,1.0,0,0,0
random,bot_e0e2c541-1615-4f47-983c-224e7d888d89,C,3,early,early,13,15,128,14,114,886,609,0.0,0,0,0
random,bot_e0e2c541-1615-4f47-983c-224e7d888d89,C,3,early,early,14,15,116,5,111,787,871,3.5,0,0,0
random,bot_e0e2c541-1615-4f47-983c-224e7d888d89,C,3,early,early,15,15,78,2,76,891,168,0.0,0,0,0
random,bot_e0e2c541-1615-4f47-983c-224e7d888d89,C,3,early,middle,7,15,2,1,1,10,32,0.0,0,0,0
random,bot_e0e2c541-1615-4f47-983c-224e7d888d89,C,3,early,middle,8,15,10,4,6,22,81,0.0,0,0,0
random,bot_e0e2c541-1615-4f47-983c-224e7d888d89,C,3,early,middle,9,15,29,5,24,94,446,0.5,0,0,0
random,bot_e0e2c541-1615-4f47-983c-224e7d888d89,C,3,late,late,0,15,79,31,48,147,458,1.0,0,0,0
random,bot_e0e2c541-1615-4f47-983c-224e7d888d89,C,3,late,late,1,15,91,35,56,208,319,0.0,0,0,0
random,bot_e0e2c541-1615-4f47-983c-224e7d888d89,C,3,late,late,2,15,56,20,36,171,-50,0.5,0,0,0
random,bot_e0e2c541-1615-4f47-983c-224e7d888d89,C,3,late,late,3,15,56,13,43,211,29,0.0,0,0,0
random,bot_e0e2c541-1615-4f47-983c-224e7d888d89,C,3,late,late,4,15,47,15,32,166,250,0.5,0,0,0
random,bot_e0e2c541-1615-4f47-983c-224e7d888d89,C,3,late,middle,5,15,22,6,16,50,-87,0.0,0,0,0
random,bot_e0e2c541-1615-4f47-983c-224e7d888d89,C,3,late,middle,6,15,13,3,10,71,95,0.0,0,0,0
random,bot_e0e2c541-1615-4f47-983c-224e7d888d89,C,3,late,middle,7,15,2,1,1,1,-21,0.0,0,0,0
random,bot_e0e2c541-1615-4f47-983c-224e7d888d89,C,3,middle,early,10,15,62,18,44,189,-80,0.5,0,0,0
random,bot_e0e2c541-1615-4f47-983c-224e7d888d89,C,3,middle,early,11,15,43,7,36,167,2,0.0,0,0,0
random,bot_e0e2c541-1615-4f47-983c-224e7d888d89,C,3,middle,early,12,15,21,2,19,63,-24,0.5,0,0,0
random,bot_e0e2c541-1615-4f47-983c-224e7d888d89,C,3,middle,early,13,15,9,0,9,19,32,0.0,0,0,0
random,bot_e0e2c541-1615-4f47-983c-224e7d888d89,C,3,middle,late,0,15,9,5,4,5,177,0.0,0,0,0
random,bot_e0e2c541-1615-4f47-983c-224e7d888d89,C,3,middle,late,1,15,10,4,6,10,266,0.0,0,0,0
random,bot_e0e2c541-1615-4f47-983c-224e7d888d89,C,3,middle,late,2,15,41,21,20,88,553,0.5,0,0,0
random,bot_e0e2c541-1615-4f47-983c-224e7d888d89,C,3,middle,late,3,15,36,13,23,102,177,0.0,0,0,0
random,bot_e0e2c541-1615-4f47-983c-224e7d888d89,C,3,middle,late,4,15,78,29,49,261,966,1.5,0,0,0
random,bot_e0e2c541-1615-4f47-983c-224e7d888d89,C,3,middle,middle,5,15,59,21,38,97,439,1.5,0,0,0
random,bot_e0e2c541-1615-4f47-983c-224e7d888d89,C,3,middle,middle,6,15,90,26,64,257,728,2.0,0,0,0
random,bot_e0e2c541-1615-4f47-983c-224e7d888d89,C,3,middle,middle,7,15,106,30,76,314,534,1.5,0,0,0
random,bot_e0e2c541-1615-4f47-983c-224e7d888d89,C,3,middle,middle,8,15,79,24,55,183,411,0.5,0,0,0
random,bot_e0e2c541-1615-4f47-983c-224e7d888d89,C,3,middle,middle,9,15,71,20,51,160,485,0.5,0,0,0
random,bot_e0e2c541-1615-4f47-983c-224e7d888d89,C,4,early,early,10,14,124,26,98,542,133,3.0,3,0,0
random,bot_e0e2c541-1615-4f47-983c-224e7d888d89,C,4,early,early,11,14,142,15,127,753,265,6.3333333333333330,3,0,0
random,bot_e0e2c541-1615-4f47-983c-224e7d888d89,C,4,early,early,12,14,171,14,157,1074,542,7.3333333333333332,6,0,0
random,bot_e0e2c541-1615-4f47-983c-224e7d888d89,C,4,early,early,13,14,138,7,131,983,-136,3.9999999999999998,2,0,0
random,bot_e0e2c541-1615-4f47-983c-224e7d888d89,C,4,early,early,14,14,98,5,93,881,-599,4.9999999999999999,4,0,0
random,bot_e0e2c541-1615-4f47-983c-224e7d888d89,C,4,early,middle,6,14,3,2,1,1,-5,0.0,0,0,0
random,bot_e0e2c541-1615-4f47-983c-224e7d888d89,C,4,early,middle,7,14,13,4,9,71,246,1.3333333333333333,1,0,0
random,bot_e0e2c541-1615-4f47-983c-224e7d888d89,C,4,early,middle,8,14,35,8,27,149,308,2.0,2,0,0
random,bot_e0e2c541-1615-4f47-983c-224e7d888d89,C,4,early,middle,9,14,57,12,45,235,512,1.3333333333333333,1,0,0
random,bot_e0e2c541-1615-4f47-983c-224e7d888d89,C,4,late,late,0,14,104,54,50,112,-18,3.3333333333333332,2,0,0
random,bot_e0e2c541-1615-4f47-983c-224e7d888d89,C,4,late,late,1,14,74,33,41,230,-159,1.9999999999999999,1,0,0
random,bot_e0e2c541-1615-4f47-983c-224e7d888d89,C,4,late,late,2,14,60,21,39,202,-362,0.0,0,0,0
random,bot_e0e2c541-1615-4f47-983c-224e7d888d89,C,4,late,late,3,14,58,21,37,170,-512,0.3333333333333333,0,0,0
random,bot_e0e2c541-1615-4f47-983c-224e7d888d89,C,4,late,late,4,14,27,10,17,68,-218,0.0,0,0,0
random,bot_e0e2c541-1615-4f47-983c-224e7d888d89,C,4,late,middle,5,14,12,5,7,45,-129,0.0,0,0,0
random,bot_e0e2c541-1615-4f47-983c-224e7d888d89,C,4,late,middle,6,14,7,3,4,11,77,0.0,0,0,0
random,bot_e0e2c541-1615-4f47-983c-224e7d888d89,C,4,late,middle,7,14,2,0,2,4,-44,0.0,0,0,0
random,bot_e0e2c541-1615-4f47-983c-224e7d888d89,C,4,middle,early,10,14,50,9,41,172,-428,1.9999999999999999,1,0,0
random,bot_e0e2c541-1615-4f47-983c-224e7d888d89,C,4,middle,early,11,14,24,2,22,71,162,1.6666666666666666,1,0,0
random,bot_e0e2c541-1615-4f47-983c-224e7d888d89,C,4,middle,early,12,14,5,1,4,15,57,0.0,0,0,0
random,bot_e0e2c541-1615-4f47-983c-224e7d888d89,C,4,middle,early,13,14,3,0,3,27,-39,0.0,0,0,0
random,bot_e0e2c541-1615-4f47-983c-224e7d888d89,C,4,middle,late,0,14,12,8,4,11,277,1.3333333333333333,1,0,0
random,bot_e0e2c541-1615-4f47-983c-224e7d888d89,C,4,middle,late,1,14,23,10,13,54,320,2.3333333333333333,2,0,0
random,bot_e0e2c541-1615-4f47-983c-224e7d888d89,C,4,middle,late,2,14,48,23,25,80,401,1.6666666666666666,1,0,0
random,bot_e0e2c541-1615-4f47-983c-224e7d888d89,C,4,middle,late,3,14,102,31,71,351,584,5.9999999999999998,4,0,0
random,bot_e0e2c541-1615-4f47-983c-224e7d888d89,C,4,middle,late,4,14,104,39,65,307,175,2.6666666666666666,2,0,0
random,bot_e0e2c541-1615-4f47-983c-224e7d888d89,C,4,middle,middle,5,14,108,37,71,280,31,1.6666666666666666,1,0,0
random,bot_e0e2c541-1615-4f47-983c-224e7d888d89,C,4,middle,middle,6,14,127,41,86,299,348,7.9999999999999998,6,0,0
random,bot_e0e2c541-1615-4f47-983c-224e7d888d89,C,4,middle,middle,7,14,122,32,90,400,192,0.6666666666666666,0,0,0
random,bot_e0e2c541-1615-4f47-983c-224e7d888d89,C,4,middle,middle,8,14,107,24,83,395,-170,3.3333333333333333,3,0,0
random,bot_e0e2c541-1615-4f47-983c-224e7d888d89,C,4,middle,middle,9,14,74,19,55,260,-305,2.6666666666666665,1,0,0
random,bot_e0e2c541-1615-4f47-983c-224e7d888d89,C,5,early,early,10,15,75,14,61,283,-216,1.75,0,0,0
random,bot_e0e2c541-1615-4f47-983c-224e7d888d89,C,5,early,early,11,15,137,35,102,519,-279,1.25,0,0,0
random,bot_e0e2c541-1615-4f47-983c-224e7d888d89,C,5,early,early,12,15,162,22,140,768,-645,0.50,0,0,0
random,bot_e0e2c541-1615-4f47-983c-224e7d888d89,C,5,early,early,13,15,215,19,196,1177,-529,2.50,0,0,0
random,bot_e0e2c541-1615-4f47-983c-224e7d888d89,C,5,early,early,14,15,212,7,205,1307,-1113,1.75,0,0,0
random,bot_e0e2c541-1615-4f47-983c-224e7d888d89,C,5,early,early,15,15,80,3,77,710,-677,0.0,0,0,0
random,bot_e0e2c541-1615-4f47-983c-224e7d888d89,C,5,early,middle,6,15,1,0,1,1,-22,0.0,0,0,0
random,bot_e0e2c541-1615-4f47-983c-224e7d888d89,C,5,early,middle,7,15,5,0,5,9,65,0.0,0,0,0
random,bot_e0e2c541-1615-4f47-983c-224e7d888d89,C,5,early,middle,8,15,17,2,15,84,-15,0.0,0,0,0
random,bot_e0e2c541-1615-4f47-983c-224e7d888d89,C,5,early,middle,9,15,39,12,27,116,93,0.75,0,0,0
random,bot_e0e2c541-1615-4f47-983c-224e7d888d89,C,5,late,late,0,15,138,69,69,231,-551,1.25,0,0,0
random,bot_e0e2c541-1615-4f47-983c-224e7d888d89,C,5,late,late,1,15,144,48,96,478,-1030,1.25,0,0,0
random,bot_e0e2c541-1615-4f47-983c-224e7d888d89,C,5,late,late,2,15,110,44,66,274,-760,0.50,0,0,0
random,bot_e0e2c541-1615-4f47-983c-224e7d888d89,C,5,late,late,3,15,86,33,53,257,-520,0.50,0,0,0
random,bot_e0e2c541-1615-4f47-983c-224e7d888d89,C,5,late,late,4,15,53,19,34,123,-762,0.0,0,0,0
random,bot_e0e2c541-1615-4f47-983c-224e7d888d89,C,5,late,middle,5,15,40,9,31,204,-505,0.0,0,0,0
random,bot_e0e2c541-1615-4f47-983c-224e7d888d89,C,5,late,middle,6,15,19,5,14,68,-167,0.0,0,0,0
random,bot_e0e2c541-1615-4f47-983c-224e7d888d89,C,5,late,middle,7,15,2,0,2,9,-24,0.0,0,0,0
random,bot_e0e2c541-1615-4f47-983c-224e7d888d89,C,5,late,middle,8,15,6,1,5,18,-4,0.0,0,0,0
random,bot_e0e2c541-1615-4f47-983c-224e7d888d89,C,5,middle,early,10,15,89,31,58,302,-422,0.75,0,0,0
random,bot_e0e2c541-1615-4f47-983c-224e7d888d89,C,5,middle,early,11,15,39,9,30,134,-236,0.0,0,0,0
random,bot_e0e2c541-1615-4f47-983c-224e7d888d89,C,5,middle,early,12,15,17,3,14,80,-140,0.0,0,0,0
random,bot_e0e2c541-1615-4f47-983c-224e7d888d89,C,5,middle,early,13,15,4,0,4,7,-32,0.0,0,0,0
random,bot_e0e2c541-1615-4f47-983c-224e7d888d89,C,5,middle,late,0,15,5,3,2,2,57,0.0,0,0,0
random,bot_e0e2c541-1615-4f47-983c-224e7d888d89,C,5,middle,late,1,15,20,7,13,75,69,0.0,0,0,0
random,bot_e0e2c541-1615-4f47-983c-224e7d888d89,C,5,middle,late,2,15,34,10,24,97,110,0.75,0,0,0
random,bot_e0e2c541-1615-4f47-983c-224e7d888d89,C,5,middle,late,3,15,69,29,40,197,-154,1.50,0,0,0
random,bot_e0e2c541-1615-4f47-983c-224e7d888d89,C,5,middle,late,4,15,87,39,48,201,169,0.25,0,0,0
random,bot_e0e2c541-1615-4f47-983c-224e7d888d89,C,5,middle,middle,5,15,120,31,89,369,-105,2.50,0,0,0
random,bot_e0e2c541-1615-4f47-983c-224e7d888d89,C,5,middle,middle,6,15,134,46,88,418,-724,0.50,0,0,0
random,bot_e0e2c541-1615-4f47-983c-224e7d888d89,C,5,middle,middle,7,15,164,51,113,531,-598,1.25,0,0,0
random,bot_e0e2c541-1615-4f47-983c-224e7d888d89,C,5,middle,middle,8,15,138,39,99,485,-989,0.50,0,0,0
random,bot_e0e2c541-1615-4f47-983c-224e7d888d89,C,5,middle,middle,9,15,131,36,95,468,-717,1.00,0,0,0
random,bot_e0e2c541-1615-4f47-983c-224e7d888d89,D,3,early,early,10,15,42,9,33,122,1103,2.5,0,0,0
random,bot_e0e2c541-1615-4f47-983c-224e7d888d89,D,3,early,early,11,15,72,7,65,443,1985,3.5,0,0,0
random,bot_e0e2c541-1615-4f47-983c-224e7d888d89,D,3,early,early,12,15,102,14,88,465,2673,4.0,0,0,0
random,bot_e0e2c541-1615-4f47-983c-224e7d888d89,D,3,early,early,13,15,130,6,124,873,3544,6.5,0,0,0
random,bot_e0e2c541-1615-4f47-983c-224e7d888d89,D,3,early,early,14,15,132,4,128,1121,2866,3.5,0,0,0
random,bot_e0e2c541-1615-4f47-983c-224e7d888d89,D,3,early,early,15,15,99,3,96,986,1888,4.5,0,0,0
random,bot_e0e2c541-1615-4f47-983c-224e7d888d89,D,3,early,middle,7,15,3,1,2,23,62,0.0,0,0,0
random,bot_e0e2c541-1615-4f47-983c-224e7d888d89,D,3,early,middle,8,15,11,2,9,36,411,1.5,0,0,0
random,bot_e0e2c541-1615-4f47-983c-224e7d888d89,D,3,early,middle,9,15,14,6,8,26,390,0.5,0,0,0
random,bot_e0e2c541-1615-4f47-983c-224e7d888d89,D,3,late,late,0,15,86,45,41,114,2231,4.5,0,0,0
random,bot_e0e2c541-1615-4f47-983c-224e7d888d89,D,3,late,late,1,15,91,40,51,256,2107,1.5,0,0,0
random,bot_e0e2c541-1615-4f47-983c-224e7d888d89,D,3,late,late,2,15,73,22,51,222,1700,4.5,0,0,0
random,bot_e0e2c541-1615-4f47-983c-224e7d888d89,D,3,late,late,3,15,46,15,31,72,1077,2.5,0,0,0
random,bot_e0e2c541-1615-4f47-983c-224e7d888d89,D,3,late,late,4,15,38,15,23,116,915,3.0,0,0,0
random,bot_e0e2c541-1615-4f47-983c-224e7d888d89,D,3,late,middle,5,15,29,10,19,46,679,1.5,0,0,0
random,bot_e0e2c541-1615-4f47-983c-224e7d888d89,D,3,late,middle,6,15,15,4,11,48,438,2.0,0,0,0
random,bot_e0e2c541-1615-4f47-983c-224e7d888d89,D,3,late,middle,7,15,5,0,5,11,93,0.0,0,0,0
random,bot_e0e2c541-1615-4f47-983c-224e7d888d89,D,3,late,middle,8,15,4,1,3,10,79,0.0,0,0,0
random,bot_e0e2c541-1615-4f47-983c-224e7d888d89,D,3,middle,early,10,15,83,15,68,266,2162,5.0,0,0,0
random,bot_e0e2c541-1615-4f47-983c-224e7d888d89,D,3,middle,early,11,15,56,7,49,157,1244,2.5,0,0,0
random,bot_e0e2c541-1615-4f47-983c-224e7d888d89,D,3,middle,early,12,15,21,0,21,121,517,2.0,0,0,0
random,bot_e0e2c541-1615-4f47-983c-224e7d888d89,D,3,middle,early,13,15,5,0,5,4,142,0.0,0,0,0
random,bot_e0e2c541-1615-4f47-983c-224e7d888d89,D,3,middle,early,14,15,1,0,1,1,13,0.0,0,0,0
random,bot_e0e2c541-1615-4f47-983c-224e7d888d89,D,3,middle,late,0,15,7,3,4,6,236,1.0,0,0,0
random,bot_e0e2c541-1615-4f47-983c-224e7d888d89,D,3,middle,late,1,15,11,3,8,11,428,1.0,0,0,0
random,bot_e0e2c541-1615-4f47-983c-224e7d888d89,D,3,middle,late,2,15,18,9,9,29,548,1.0,0,0,0
random,bot_e0e2c541-1615-4f47-983c-224e7d888d89,D,3,middle,late,3,15,39,16,23,59,1175,3.0,0,0,0
random,bot_e0e2c541-1615-4f47-983c-224e7d888d89,D,3,middle,late,4,15,59,21,38,143,1715,1.0,0,0,0
random,bot_e0e2c541-1615-4f47-983c-224e7d888d89,D,3,middle,middle,5,15,65,15,50,198,1672,2.0,0,0,0
random,bot_e0e2c541-1615-4f47-983c-224e7d888d89,D,3,middle,middle,6,15,106,21,85,376,2514,3.0,0,0,0
random,bot_e0e2c541-1615-4f47-983c-224e7d888d89,D,3,middle,middle,7,15,105,30,75,258,2838,5.0,0,0,0
random,bot_e0e2c541-1615-4f47-983c-224e7d888d89,D,3,middle,middle,8,15,89,19,70,295,2438,7.5,0,0,0
random,bot_e0e2c541-1615-4f47-983c-224e7d888d89,D,3,middle,middle,9,15,79,11,68,266,1817,2.0,0,0,0
random,bot_e0e2c541-1615-4f47-983c-224e7d888d89,D,4,early,early,10,14,93,13,80,471,1232,3.6666666666666663,0,0,0
random,bot_e0e2c541-1615-4f47-983c-224e7d888d89,D,4,early,early,11,14,129,24,105,611,1379,6.6666666666666661,1,0,0
random,bot_e0e2c541-1615-4f47-983c-224e7d888d89,D,4,early,early,12,14,176,10,166,1239,2398,11.3333333333333324,2,0,0
random,bot_e0e2c541-1615-4f47-983c-224e7d888d89,D,4,early,early,13,14,126,4,122,987,794,1.6666666666666665,0,0,0
random,bot_e0e2c541-1615-4f47-983c-224e7d888d89,D,4,early,early,14,14,106,6,100,931,299,2.9999999999999997,0,0,0
random,bot_e0e2c541-1615-4f47-983c-224e7d888d89,D,4,early,middle,6,14,3,2,1,22,64,0.0,0,0,0
random,bot_e0e2c541-1615-4f47-983c-224e7d888d89,D,4,early,middle,7,14,16,1,15,58,367,1.6666666666666665,0,0,0
random,bot_e0e2c541-1615-4f47-983c-224e7d888d89,D,4,early,middle,8,14,37,10,27,109,521,3.9999999999999998,2,0,0
random,bot_e0e2c541-1615-4f47-983c-224e7d888d89,D,4,early,middle,9,14,75,11,64,328,1480,8.9999999999999992,1,0,0
random,bot_e0e2c541-1615-4f47-983c-224e7d888d89,D,4,late,late,0,14,103,47,56,181,1197,6.3333333333333328,1,0,0
random,bot_e0e2c541-1615-4f47-983c-224e7d888d89,D,4,late,late,1,14,75,28,47,176,855,3.9999999999999996,0,0,0
random,bot_e0e2c541-1615-4f47-983c-224e7d888d89,D,4,late,late,2,14,60,16,44,191,447,1.9999999999999998,0,0,0
random,bot_e0e2c541-1615-4f47-983c-224e7d888d89,D,4,late,late,3,14,46,13,33,140,370,2.9999999999999997,0,0,0
random,bot_e0e2c541-1615-4f47-983c-224e7d888d89,D,4,late,late,4,14,32,10,22,104,270,1.3333333333333332,0,0,0
random,bot_e0e2c541-1615-4f47-983c-224e7d888d89,D,4,late,middle,5,14,14,4,10,29,-32,0.0,0,0,0
random,bot_e0e2c541-1615-4f47-983c-224e7d888d89,D,4,late,middle,6,14,7,2,5,39,-48,0.3333333333333333,0,0,0
random,bot_e0e2c541-1615-4f47-983c-224e7d888d89,D,4,late,middle,8,14,2,2,0,0,-41,0.0,0,0,0
random,bot_e0e2c541-1615-4f47-983c-224e7d888d89,D,4,late,middle,9,14,1,1,0,0,-50,0.0,0,0,0
random,bot_e0e2c541-1615-4f47-983c-224e7d888d89,D,4,middle,early,10,14,52,12,40,154,289,2.3333333333333331,0,0,0
random,bot_e0e2c541-1615-4f47-983c-224e7d888d89,D,4,middle,early,11,14,28,7,21,100,110,0.3333333333333333,0,0,0
random,bot_e0e2c541-1615-4f47-983c-224e7d888d89,D,4,middle,early,12,14,5,1,4,12,-58,0.3333333333333333,0,0,0
random,bot_e0e2c541-1615-4f47-983c-224e7d888d89,D,4,middle,early,13,14,7,0,7,41,-316,0.0,0,0,0
random,bot_e0e2c541-1615-4f47-983c-224e7d888d89,D,4,middle,late,0,14,13,6,7,23,152,0.0,0,0,0
random,bot_e0e2c541-1615-4f47-983c-224e7d888d89,D,4,middle,late,1,14,48,16,32,157,604,1.0,1,0,0
random,bot_e0e2c541-1615-4f47-983c-224e7d888d89,D,4,middle,late,2,14,52,25,27,112,620,0.9999999999999999,0,0,0
random,bot_e0e2c541-1615-4f47-983c-224e7d888d89,D,4,middle,late,3,14,93,31,62,314,1424,4.6666666666666664,2,0,0
random,bot_e0e2c541-1615-4f47-983c-224e7d888d89,D,4,middle,late,4,14,84,29,55,239,1410,6.6666666666666660,0,0,0
random,bot_e0e2c541-1615-4f47-983c-224e7d888d89,D,4,middle,middle,5,14,128,43,85,383,2076,9.3333333333333326,2,0,0
random,bot_e0e2c541-1615-4f47-983c-224e7d888d89,D,4,middle,middle,6,14,131,38,93,436,1560,8.6666666666666661,3,0,0
random,bot_e0e2c541-1615-4f47-983c-224e7d888d89,D,4,middle,middle,7,14,130,29,101,458,2049,13.3333333333333321,1,0,0
random,bot_e0e2c541-1615-4f47-983c-224e7d888d89,D,4,middle,middle,8,14,89,24,65,290,725,2.9999999999999997,0,0,0
random,bot_e0e2c541-1615-4f47-983c-224e7d888d89,D,4,middle,middle,9,14,56,15,41,145,640,3.3333333333333330,0,0,0
random,bot_e0e2c541-1615-4f47-983c-224e7d888d89,D,5,early,early,10,15,73,15,58,279,970,11.25,3,0,0
random,bot_e0e2c541-1615-4f47-983c-224e7d888d89,D,5,early,early,11,15,138,33,105,574,1465,15.25,4,0,0
random,bot_e0e2c541-1615-4f47-983c-224e7d888d89,D,5,early,early,12,15,181,23,158,980,1152,11.75,2,0,0
random,bot_e0e2c541-1615-4f47-983c-224e7d888d89,D,5,early,early,13,15,190,19,171,1208,2157,21.50,4,0,0
random,bot_e0e2c541-1615-4f47-983c-224e7d888d89,D,5,early,early,14,15,174,13,161,1033,634,9.25,4,0,0
random,bot_e0e2c541-1615-4f47-983c-224e7d888d89,D,5,early,early,15,15,115,1,114,976,-146,6.50,0,0,0
random,bot_e0e2c541-1615-4f47-983c-224e7d888d89,D,5,early,middle,7,15,4,1,3,13,119,1.25,0,0,0
random,bot_e0e2c541-1615-4f47-983c-224e7d888d89,D,5,early,middle,8,15,19,6,13,86,291,1.50,0,0,0
random,bot_e0e2c541-1615-4f47-983c-224e7d888d89,D,5,early,middle,9,15,34,6,28,125,719,5.25,1,0,0
random,bot_e0e2c541-1615-4f47-983c-224e7d888d89,D,5,late,late,0,15,138,60,78,231,964,11.25,2,0,0
random,bot_e0e2c541-1615-4f47-983c-224e7d888d89,D,5,late,late,1,15,141,48,93,466,825,11.50,1,0,0
random,bot_e0e2c541-1615-4f47-983c-224e7d888d89,D,5,late,late,2,15,116,43,73,312,460,8.50,2,0,0
random,bot_e0e2c541-1615-4f47-983c-224e7d888d89,D,5,late,late,3,15,81,21,60,285,545,8.00,0,0,0
random,bot_e0e2c541-1615-4f47-983c-224e7d888d89,D,5,late,late,4,15,71,18,53,264,230,5.50,1,0,0
random,bot_e0e2c541-1615-4f47-983c-224e7d888d89,D,5,late,middle,5,15,29,9,20,88,327,3.50,0,0,0
random,bot_e0e2c541-1615-4f47-983c-224e7d888d89,D,5,late,middle,6,15,18,3,15,55,152,1.75,1,0,0
random,bot_e0e2c541-1615-4f47-983c-224e7d888d89,D,5,late,middle,7,15,10,5,5,31,47,1.0,1,0,0
random,bot_e0e2c541-1615-4f47-983c-224e7d888d89,D,5,late,middle,8,15,4,2,2,17,41,0.0,0,0,0
random,bot_e0e2c541-1615-4f47-983c-224e7d888d89,D,5,middle,early,10,15,98,21,77,402,312,5.00,2,0,0
random,bot_e0e2c541-1615-4f47-983c-224e7d888d89,D,5,middle,early,11,15,55,10,45,212,586,7.25,4,0,0
random,bot_e0e2c541-1615-4f47-983c-224e7d888d89,D,5,middle,early,12,15,29,6,23,132,58,1.25,1,0,0
random,bot_e0e2c541-1615-4f47-983c-224e7d888d89,D,5,middle,early,13,15,1,0,1,1,-19,0.0,0,0,0
random,bot_e0e2c541-1615-4f47-983c-224e7d888d89,D,5,middle,early,14,15,2,0,2,12,-46,0.0,0,0,0
random,bot_e0e2c541-1615-4f47-983c-224e7d888d89,D,5,middle,late,0,15,5,2,3,8,202,1.75,1,0,0
random,bot_e0e2c541-1615-4f47-983c-224e7d888d89,D,5,middle,late,1,15,17,12,5,34,262,3.25,2,0,0
random,bot_e0e2c541-1615-4f47-983c-224e7d888d89,D,5,middle,late,2,15,36,11,25,83,722,4.75,1,0,0
random,bot_e0e2c541-1615-4f47-983c-224e7d888d89,D,5,middle,late,3,15,72,26,46,210,578,6.50,1,0,0
random,bot_e0e2c541-1615-4f47-983c-224e7d888d89,D,5,middle,late,4,15,99,26,73,332,1266,11.25,1,0,0
random,bot_e0e2c541-1615-4f47-983c-224e7d888d89,D,5,middle,middle,5,15,113,36,77,273,935,11.25,1,0,0
random,bot_e0e2c541-1615-4f47-983c-224e7d888d89,D,5,middle,middle,6,15,139,40,99,356,1606,14.50,3,0,0
random,bot_e0e2c541-1615-4f47-983c-224e7d888d89,D,5,middle,middle,7,15,141,45,96,397,816,7.25,1,0,0
random,bot_e0e2c541-1615-4f47-983c-224e7d888d89,D,5,middle,middle,8,15,128,33,95,492,622,8.75,1,0,0
random,bot_e0e2c541-1615-4f47-983c-224e7d888d89,D,5,middle,middle,9,15,131,32,99,566,998,14.25,4,0,0
random,bot_e0e2c541-1615-4f47-983c-224e7d888d89,E,3,early,early,10,15,52,9,43,207,1156,2.0,2,0,0
random,bot_e0e2c541-1615-4f47-983c-224e7d888d89,E,3,early,early,11,15,76,15,61,360,1412,1.0,1,0,0
random,bot_e0e2c541-1615-4f47-983c-224e7d888d89,E,3,early,early,12,15,111,25,86,566,2142,4.0,3,0,0
random,bot_e0e2c541-1615-4f47-983c-224e7d888d89,E,3,early,early,13,15,135,7,128,1034,2590,5.5,3,0,0
random,bot_e0e2c541-1615-4f47-983c-224e7d888d89,E,3,early,early,14,15,116,5,111,964,1631,0.0,0,0,0
random,bot_e0e2c541-1615-4f47-983c-224e7d888d89,E,3,early,early,15,15,55,0,55,560,304,0.0,0,0,0
random,bot_e0e2c541-1615-4f47-983c-224e7d888d89,E,3,early,middle,5,15,1,1,0,0,19,0.0,0,0,0
random,bot_e0e2c541-1615-4f47-983c-224e7d888d89,E,3,early,middle,7,15,5,1,4,23,156,1.0,1,0,0
random,bot_e0e2c541-1615-4f47-983c-224e7d888d89,E,3,early,middle,8,15,7,2,5,16,246,1.0,1,0,0
random,bot_e0e2c541-1615-4f47-983c-224e7d888d89,E,3,early,middle,9,15,30,7,23,115,822,2.0,2,0,0
random,bot_e0e2c541-1615-4f47-983c-224e7d888d89,E,3,late,late,0,15,86,50,36,90,1537,2.5,2,0,0
random,bot_e0e2c541-1615-4f47-983c-224e7d888d89,E,3,late,late,1,15,96,43,53,346,1604,0.5,0,0,0
random,bot_e0e2c541-1615-4f47-983c-224e7d888d89,E,3,late,late,2,15,67,28,39,171,1069,0.5,0,0,0
random,bot_e0e2c541-1615-4f47-983c-224e7d888d89,E,3,late,late,3,15,46,21,25,129,448,0.0,0,0,0
random,bot_e0e2c541-1615-4f47-983c-224e7d888d89,E,3,late,late,4,15,26,12,14,48,346,0.0,0,0,0
random,bot_e0e2c541-1615-4f47-983c-224e7d888d89,E,3,late,middle,5,15,19,4,15,88,104,0.0,0,0,0
random,bot_e0e2c541-1615-4f47-983c-224e7d888d89,E,3,late,middle,6,15,11,2,9,47,112,0.0,0,0,0
random,bot_e0e2c541-1615-4f47-983c-224e7d888d89,E,3,late,middle,7,15,1,0,1,8,-16,0.0,0,0,0
random,bot_e0e2c541-1615-4f47-983c-224e7d888d89,E,3,middle,early,10,15,68,13,55,235,1080,0.0,0,0,0
random,bot_e0e2c541-1615-4f47-983c-224e7d888d89,E,3,middle,early,11,15,35,5,30,121,824,1.0,0,0,0
random,bot_e0e2c541-1615-4f47-983c-224e7d888d89,E,3,middle,early,12,15,17,3,14,41,146,0.5,0,0,0
random,bot_e0e2c541-1615-4f47-983c-224e7d888d89,E,3,middle,early,13,15,3,2,1,0,56,0.0,0,0,0
random,bot_e0e2c541-1615-4f47-983c-224e7d888d89,E,3,middle,early,14,15,3,0,3,23,20,0.0,0,0,0
random,bot_e0e2c541-1615-4f47-983c-224e7d888d89,E,3,middle,late,0,15,4,1,3,9,204,1.0,1,0,0
random,bot_e0e2c541-1615-4f47-983c-224e7d888d89,E,3,middle,late,1,15,10,6,4,10,92,0.0,0,0,0
random,bot_e0e2c541-1615-4f47-983c-224e7d888d89,E,3,middle,late,2,15,30,11,19,68,1037,5.0,5,0,0
random,bot_e0e2c541-1615-4f47-983c-224e7d888d89,E,3,middle,late,3,15,49,13,36,119,832,2.5,2,0,0
random,bot_e0e2c541-1615-4f47-983c-224e7d888d89,E,3,middle,late,4,15,74,24,50,218,2092,4.0,4,0,0
random,bot_e0e2c541-1615-4f47-983c-224e7d888d89,E,3,middle,middle,5,15,73,28,45,216,1184,0.5,0,0,0
random,bot_e0e2c541-1615-4f47-983c-224e7d888d89,E,3,middle,middle,6,15,87,23,64,222,1782,5.0,5,0,0
random,bot_e0e2c541-1615-4f47-983c-224e7d888d89,E,3,middle,middle,7,15,107,27,80,276,2407,1.5,1,0,0
random,bot_e0e2c541-1615-4f47-983c-224e7d888d89,E,3,middle,middle,8,15,96,21,75,344,1088,0.5,0,0,0
random,bot_e0e2c541-1615-4f47-983c-224e7d888d89,E,3,middle,middle,9,15,82,22,60,193,958,1.0,0,0,0
random,bot_e0e2c541-1615-4f47-983c-224e7d888d89,E,4,early,early,10,14,108,18,90,532,1311,5.9999999999999996,2,0,0
random,bot_e0e2c541-1615-4f47-983c-224e7d888d89,E,4,early,early,11,14,144,24,120,630,1078,4.3333333333333329,0,0,0
random,bot_e0e2c541-1615-4f47-983c-224e7d888d89,E,4,early,early,12,14,165,15,150,1175,2161,9.9999999999999991,1,0,0
random,bot_e0e2c541-1615-4f47-983c-224e7d888d89,E,4,early,early,13,14,144,8,136,1075,1562,6.6666666666666662,2,0,0
random,bot_e0e2c541-1615-4f47-983c-224e7d888d89,E,4,early,early,14,14,78,1,77,789,-204,0.6666666666666666,0,0,0
random,bot_e0e2c541-1615-4f47-983c-224e7d888d89,E,4,early,middle,5,14,1,0,1,2,52,0.3333333333333333,0,0,0
random,bot_e0e2c541-1615-4f47-983c-224e7d888d89,E,4,early,middle,6,14,4,2,2,5,41,0.3333333333333333,0,0,0
random,bot_e0e2c541-1615-4f47-983c-224e7d888d89,E,4,early,middle,7,14,14,5,9,47,272,1.3333333333333333,1,0,0
random,bot_e0e2c541-1615-4f47-983c-224e7d888d89,E,4,early,middle,8,14,40,13,27,99,385,1.3333333333333332,0,0,0
random,bot_e0e2c541-1615-4f47-983c-224e7d888d89,E,4,early,middle,9,14,67,15,52,255,772,3.9999999999999997,1,0,0
random,bot_e0e2c541-1615-4f47-983c-224e7d888d89,E,4,late,late,0,14,104,39,65,217,809,2.9999999999999997,0,0,0
random,bot_e0e2c541-1615-4f47-983c-224e7d888d89,E,4,late,late,1,14,98,29,69,314,578,2.3333333333333331,0,0,0
random,bot_e0e2c541-1615-4f47-983c-224e7d888d89,E,4,late,late,2,14,78,27,51,180,703,1.9999999999999998,0,0,0
random,bot_e0e2c541-1615-4f47-983c-224e7d888d89,E,4,late,late,3,14,49,11,38,175,229,1.3333333333333332,0,0,0
random,bot_e0e2c541-1615-4f47-983c-224e7d888d89,E,4,late,late,4,14,24,8,16,72,9,0.0,0,0,0
random,bot_e0e2c541-1615-4f47-983c-224e7d888d89,E,4,late,middle,5,14,15,2,13,65,7,0.3333333333333333,0,0,0
random,bot_e0e2c541-1615-4f47-983c-224e7d888d89,E,4,late,middle,6,14,5,1,4,25,-61,0.0,0,0,0
random,bot_e0e2c541-1615-4f47-983c-224e7d888d89,E,4,late,middle,7,14,1,0,1,2,-15,0.0,0,0,0
random,bot_e0e2c541-1615-4f47-983c-224e7d888d89,E,4,middle,early,10,14,62,7,55,189,720,2.9999999999999997,0,0,0
random,bot_e0e2c541-1615-4f47-983c-224e7d888d89,E,4,middle,early,11,14,23,1,22,122,-48,0.0,0,0,0
random,bot_e0e2c541-1615-4f47-983c-224e7d888d89,E,4,middle,early,12,14,5,1,4,20,177,0.9999999999999999,0,0,0
random,bot_e0e2c541-1615-4f47-983c-224e7d888d89,E,4,middle,early,13,14,1,0,1,1,-19,0.0,0,0,0
random,bot_e0e2c541-1615-4f47-983c-224e7d888d89,E,4,middle,late,0,14,12,6,6,18,339,1.9999999999999999,1,0,0
random,bot_e0e2c541-1615-4f47-983c-224e7d888d89,E,4,middle,late,1,14,29,9,20,75,440,1.6666666666666665,0,0,0
random,bot_e0e2c541-1615-4f47-983c-224e7d888d89,E,4,middle,late,2,14,63,28,35,147,1092,4.6666666666666664,2,0,0
random,bot_e0e2c541-1615-4f47-983c-224e7d888d89,E,4,middle,late,3,14,99,32,67,267,1177,4.3333333333333330,1,0,0
random,bot_e0e2c541-1615-4f47-983c-224e7d888d89,E,4,middle,late,4,14,103,31,72,314,653,2.9999999999999997,0,0,0
random,bot_e0e2c541-1615-4f47-983c-224e7d888d89,E,4,middle,middle,5,14,118,38,80,279,1570,6.9999999999999995,2,0,0
random,bot_e0e2c541-1615-4f47-983c-224e7d888d89,E,4,middle,middle,6,14,138,33,105,483,767,4.9999999999999996,1,0,0
random,bot_e0e2c541-1615-4f47-983c-224e7d888d89,E,4,middle,middle,7,14,107,26,81,332,916,2.6666666666666664,0,0,0
random,bot_e0e2c541-1615-4f47-983c-224e7d888d89,E,4,middle,middle,8,14,89,23,66,290,957,3.6666666666666663,0,0,0
random,bot_e0e2c541-1615-4f47-983c-224e7d888d89,E,4,middle,middle,9,14,62,12,50,258,119,0.3333333333333333,0,0,0
random,bot_e0e2c541-1615-4f47-983c-224e7d888d89,E,5,early,early,10,15,75,19,56,258,392,3.25,0,0,0
random,bot_e0e2c541-1615-4f47-983c-224e7d888d89,E,5,early,early,11,15,121,21,100,526,852,10.75,1,0,0
random,bot_e0e2c541-1615-4f47-983c-224e7d888d89,E,5,early,early,12,15,141,17,124,751,671,8.00,0,0,0
random,bot_e0e2c541-1615-4f47-983c-224e7d888d89,E,5,early,early,13,15,206,22,184,1280,1831,16.75,1,0,0
random,bot_e0e2c541-1615-4f47-983c-224e7d888d89,E,5,early,early,14,15,200,19,181,1164,1381,15.25,0,0,0
random,bot_e0e2c541-1615-4f47-983c-224e7d888d89,E,5,early,early,15,15,109,1,108,1050,-866,3.00,0,0,0
random,bot_e0e2c541-1615-4f47-983c-224e7d888d89,E,5,early,middle,7,15,3,2,1,3,85,0.25,0,0,0
random,bot_e0e2c541-1615-4f47-983c-224e7d888d89,E,5,early,middle,8,15,21,6,15,53,397,3.25,2,0,0
random,bot_e0e2c541-1615-4f47-983c-224e7d888d89,E,5,early,middle,9,15,48,12,36,188,766,6.50,2,0,0
random,bot_e0e2c541-1615-4f47-983c-224e7d888d89,E,5,late,late,0,15,133,67,66,220,679,9.25,1,0,0
random,bot_e0e2c541-1615-4f47-983c-224e7d888d89,E,5,late,late,1,15,128,47,81,365,1105,11.00,1,0,0
random,bot_e0e2c541-1615-4f47-983c-224e7d888d89,E,5,late,late,2,15,114,45,69,348,284,8.25,1,0,0
random,bot_e0e2c541-1615-4f47-983c-224e7d888d89,E,5,late,late,3,15,75,27,48,214,-671,1.50,0,0,0
random,bot_e0e2c541-1615-4f47-983c-224e7d888d89,E,5,late,late,4,15,57,25,32,138,-205,2.00,0,0,0
random,bot_e0e2c541-1615-4f47-983c-224e7d888d89,E,5,late,middle,5,15,32,10,22,102,43,2.00,0,0,0
random,bot_e0e2c541-1615-4f47-983c-224e7d888d89,E,5,late,middle,6,15,27,10,17,91,-127,2.50,0,0,0
random,bot_e0e2c541-1615-4f47-983c-224e7d888d89,E,5,late,middle,7,15,3,0,3,12,-87,0.0,0,0,0
random,bot_e0e2c541-1615-4f47-983c-224e7d888d89,E,5,late,middle,8,15,2,1,1,7,-29,0.0,0,0,0
random,bot_e0e2c541-1615-4f47-983c-224e7d888d89,E,5,middle,early,10,15,98,21,77,318,346,6.75,0,0,0
random,bot_e0e2c541-1615-4f47-983c-224e7d888d89,E,5,middle,early,11,15,36,11,25,143,8,1.50,0,0,0
random,bot_e0e2c541-1615-4f47-983c-224e7d888d89,E,5,middle,early,12,15,25,3,22,121,-70,1.25,0,0,0
random,bot_e0e2c541-1615-4f47-983c-224e7d888d89,E,5,middle,early,13,15,16,3,13,35,-80,0.0,0,0,0
random,bot_e0e2c541-1615-4f47-983c-224e7d888d89,E,5,middle,early,14,15,1,1,0,0,-45,0.0,0,0,0
random,bot_e0e2c541-1615-4f47-983c-224e7d888d89,E,5,middle,late,0,15,11,7,4,13,247,1.5,0,0,0
random,bot_e0e2c541-1615-4f47-983c-224e7d888d89,E,5,middle,late,1,15,12,5,7,25,261,0.50,0,0,0
random,bot_e0e2c541-1615-4f47-983c-224e7d888d89,E,5,middle,late,2,15,42,13,29,84,593,3.25,0,0,0
random,bot_e0e2c541-1615-4f47-983c-224e7d888d89,E,5,middle,late,3,15,59,26,33,115,779,4.00,0,0,0
random,bot_e0e2c541-1615-4f47-983c-224e7d888d89,E,5,middle,late,4,15,104,42,62,253,1218,9.75,4,0,0
random,bot_e0e2c541-1615-4f47-983c-224e7d888d89,E,5,middle,middle,5,15,131,48,83,352,1262,12.50,2,0,0
random,bot_e0e2c541-1615-4f47-983c-224e7d888d89,E,5,middle,middle,6,15,132,45,87,385,788,8.75,1,0,0
random,bot_e0e2c541-1615-4f47-983c-224e7d888d89,E,5,middle,middle,7,15,154,45,109,454,1085,10.50,0,0,0
random,bot_e0e2c541-1615-4f47-983c-224e7d888d89,E,5,middle,middle,8,15,126,33,93,451,286,9.00,1,0,0
random,bot_e0e2c541-1615-4f47-983c-224e7d888d89,E,5,middle,middle,9,15,121,19,102,406,65,6.00,0,0,0
